,date,borough,entries,num_shootings
1,2019-01-01,Bronx,172360.0,1
6,2019-01-02,Bronx,398685.0,0
11,2019-01-03,Bronx,426496.0,1
16,2019-01-04,Bronx,436417.0,0
21,2019-01-05,Bronx,220773.0,1
26,2019-01-06,Bronx,182827.0,3
31,2019-01-07,Bronx,419072.0,1
36,2019-01-08,Bronx,429384.0,2
41,2019-01-09,Bronx,441331.0,1
46,2019-01-10,Bronx,438907.0,0
51,2019-01-11,Bronx,431309.0,1
56,2019-01-12,Bronx,233138.0,0
61,2019-01-13,Bronx,178578.0,0
66,2019-01-14,Bronx,418182.0,0
71,2019-01-15,Bronx,435669.0,0
76,2019-01-16,Bronx,442365.0,0
81,2019-01-17,Bronx,442302.0,1
86,2019-01-18,Bronx,426059.0,1
91,2019-01-19,Bronx,233134.0,1
96,2019-01-20,Bronx,156771.0,1
101,2019-01-21,Bronx,205322.0,1
106,2019-01-22,Bronx,395319.0,0
111,2019-01-23,Bronx,427741.0,0
116,2019-01-24,Bronx,403830.0,1
121,2019-01-25,Bronx,430161.0,0
126,2019-01-26,Bronx,239989.0,0
131,2019-01-27,Bronx,182232.0,0
136,2019-01-28,Bronx,418600.0,2
141,2019-01-29,Bronx,443885.0,0
146,2019-01-30,Bronx,431951.0,0
151,2019-01-31,Bronx,365956.0,0
156,2019-02-01,Bronx,412098.0,0
161,2019-02-02,Bronx,237815.0,0
166,2019-02-03,Bronx,184215.0,0
171,2019-02-04,Bronx,435952.0,0
176,2019-02-05,Bronx,422704.0,0
181,2019-02-06,Bronx,462187.0,0
186,2019-02-07,Bronx,459714.0,0
191,2019-02-08,Bronx,455215.0,2
196,2019-02-09,Bronx,243231.0,1
201,2019-02-10,Bronx,180680.0,1
206,2019-02-11,Bronx,442437.0,0
211,2019-02-12,Bronx,393483.0,1
216,2019-02-13,Bronx,452810.0,0
221,2019-02-14,Bronx,464718.0,0
226,2019-02-15,Bronx,449174.0,0
231,2019-02-16,Bronx,247475.0,1
236,2019-02-17,Bronx,187176.0,0
241,2019-02-18,Bronx,256511.0,2
246,2019-02-19,Bronx,402121.0,0
251,2019-02-20,Bronx,390695.0,0
256,2019-02-21,Bronx,405196.0,0
261,2019-02-22,Bronx,404412.0,1
266,2019-02-23,Bronx,244933.0,1
271,2019-02-24,Bronx,176532.0,1
276,2019-02-25,Bronx,432553.0,0
281,2019-02-26,Bronx,452023.0,0
286,2019-02-27,Bronx,454990.0,0
291,2019-02-28,Bronx,457515.0,0
296,2019-03-01,Bronx,448104.0,0
301,2019-03-02,Bronx,233660.0,0
306,2019-03-03,Bronx,184214.0,0
311,2019-03-04,Bronx,321203.0,1
316,2019-03-05,Bronx,454470.0,1
321,2019-03-06,Bronx,452773.0,0
326,2019-03-07,Bronx,452319.0,0
331,2019-03-08,Bronx,449938.0,0
336,2019-03-09,Bronx,260945.0,2
341,2019-03-10,Bronx,186649.0,0
346,2019-03-11,Bronx,447657.0,0
351,2019-03-12,Bronx,460384.0,0
356,2019-03-13,Bronx,464006.0,0
361,2019-03-14,Bronx,463057.0,0
366,2019-03-15,Bronx,453769.0,0
371,2019-03-16,Bronx,258250.0,0
376,2019-03-17,Bronx,201692.0,1
381,2019-03-18,Bronx,439455.0,0
386,2019-03-19,Bronx,459003.0,0
391,2019-03-20,Bronx,466351.0,0
396,2019-03-21,Bronx,447007.0,3
401,2019-03-22,Bronx,444586.0,3
406,2019-03-23,Bronx,255695.0,1
411,2019-03-24,Bronx,200140.0,0
416,2019-03-25,Bronx,444363.0,1
421,2019-03-26,Bronx,459254.0,0
426,2019-03-27,Bronx,461115.0,0
431,2019-03-28,Bronx,480990.0,0
436,2019-03-29,Bronx,453344.0,0
441,2019-03-30,Bronx,285327.0,0
446,2019-03-31,Bronx,197566.0,1
451,2019-04-01,Bronx,449845.0,1
456,2019-04-02,Bronx,471589.0,0
461,2019-04-03,Bronx,490916.0,2
466,2019-04-04,Bronx,470124.0,0
471,2019-04-05,Bronx,450774.0,0
476,2019-04-06,Bronx,273816.0,1
481,2019-04-07,Bronx,205373.0,1
486,2019-04-08,Bronx,445401.0,0
491,2019-04-09,Bronx,456575.0,0
496,2019-04-10,Bronx,467494.0,1
501,2019-04-11,Bronx,464486.0,0
506,2019-04-12,Bronx,446781.0,0
511,2019-04-13,Bronx,301911.0,0
516,2019-04-14,Bronx,209150.0,2
521,2019-04-15,Bronx,426438.0,0
526,2019-04-16,Bronx,464893.0,0
531,2019-04-17,Bronx,485800.0,0
536,2019-04-18,Bronx,464051.0,0
541,2019-04-19,Bronx,369926.0,0
546,2019-04-20,Bronx,255868.0,1
551,2019-04-21,Bronx,196260.0,1
556,2019-04-22,Bronx,368097.0,1
561,2019-04-23,Bronx,402770.0,2
566,2019-04-24,Bronx,406671.0,1
571,2019-04-25,Bronx,405843.0,0
576,2019-04-26,Bronx,372097.0,0
581,2019-04-27,Bronx,270620.0,1
586,2019-04-28,Bronx,189108.0,0
591,2019-04-29,Bronx,444254.0,1
596,2019-04-30,Bronx,455268.0,0
601,2019-05-01,Bronx,464731.0,0
606,2019-05-02,Bronx,465328.0,2
611,2019-05-03,Bronx,455954.0,0
616,2019-05-04,Bronx,292872.0,1
621,2019-05-05,Bronx,192245.0,0
626,2019-05-06,Bronx,450836.0,0
631,2019-05-07,Bronx,480682.0,0
636,2019-05-08,Bronx,481505.0,0
641,2019-05-09,Bronx,481523.0,0
646,2019-05-10,Bronx,462490.0,0
651,2019-05-11,Bronx,263141.0,1
656,2019-05-12,Bronx,162572.0,0
661,2019-05-13,Bronx,424541.0,0
666,2019-05-14,Bronx,463374.0,0
671,2019-05-15,Bronx,471083.0,4
676,2019-05-16,Bronx,477806.0,2
681,2019-05-17,Bronx,458618.0,1
686,2019-05-18,Bronx,272264.0,1
691,2019-05-19,Bronx,199539.0,0
696,2019-05-20,Bronx,442638.0,1
701,2019-05-21,Bronx,462868.0,0
706,2019-05-22,Bronx,484831.0,1
711,2019-05-23,Bronx,446811.0,2
716,2019-05-24,Bronx,446406.0,2
721,2019-05-25,Bronx,254162.0,0
726,2019-05-26,Bronx,198515.0,0
731,2019-05-27,Bronx,239091.0,2
736,2019-05-28,Bronx,435697.0,1
741,2019-05-29,Bronx,468113.0,0
746,2019-05-30,Bronx,453773.0,1
751,2019-05-31,Bronx,461611.0,0
756,2019-06-01,Bronx,272655.0,3
761,2019-06-02,Bronx,205872.0,1
766,2019-06-03,Bronx,456207.0,1
771,2019-06-04,Bronx,415360.0,2
776,2019-06-05,Bronx,455052.0,2
781,2019-06-06,Bronx,435702.0,0
786,2019-06-07,Bronx,460143.0,4
791,2019-06-08,Bronx,277333.0,0
796,2019-06-09,Bronx,210879.0,2
801,2019-06-10,Bronx,429477.0,0
806,2019-06-11,Bronx,453615.0,0
811,2019-06-12,Bronx,486740.0,1
816,2019-06-13,Bronx,442720.0,0
821,2019-06-14,Bronx,455645.0,1
826,2019-06-15,Bronx,262563.0,0
831,2019-06-16,Bronx,187816.0,0
836,2019-06-17,Bronx,433419.0,1
841,2019-06-18,Bronx,446980.0,0
846,2019-06-19,Bronx,466497.0,0
851,2019-06-20,Bronx,438876.0,0
856,2019-06-21,Bronx,447640.0,1
861,2019-06-22,Bronx,275669.0,2
866,2019-06-23,Bronx,231039.0,6
871,2019-06-24,Bronx,422398.0,1
876,2019-06-25,Bronx,434581.0,3
881,2019-06-26,Bronx,478503.0,0
886,2019-06-27,Bronx,425640.0,2
891,2019-06-28,Bronx,418426.0,1
896,2019-06-29,Bronx,248237.0,0
901,2019-06-30,Bronx,213177.0,1
906,2019-07-01,Bronx,399925.0,1
911,2019-07-02,Bronx,415126.0,0
916,2019-07-03,Bronx,417851.0,0
921,2019-07-04,Bronx,229249.0,1
926,2019-07-05,Bronx,340459.0,9
931,2019-07-06,Bronx,219544.0,0
936,2019-07-07,Bronx,187372.0,0
941,2019-07-08,Bronx,405911.0,2
946,2019-07-09,Bronx,424945.0,0
951,2019-07-10,Bronx,431141.0,0
956,2019-07-11,Bronx,421635.0,2
961,2019-07-12,Bronx,414710.0,0
966,2019-07-13,Bronx,291878.0,2
971,2019-07-14,Bronx,209175.0,1
976,2019-07-15,Bronx,411162.0,0
981,2019-07-16,Bronx,441397.0,0
986,2019-07-17,Bronx,445458.0,0
991,2019-07-18,Bronx,407849.0,0
996,2019-07-19,Bronx,408231.0,4
1001,2019-07-20,Bronx,252973.0,0
1006,2019-07-21,Bronx,194493.0,1
1011,2019-07-22,Bronx,387305.0,1
1016,2019-07-23,Bronx,397150.0,0
1021,2019-07-24,Bronx,427245.0,2
1026,2019-07-25,Bronx,433701.0,0
1031,2019-07-26,Bronx,410475.0,0
1036,2019-07-27,Bronx,256433.0,0
1041,2019-07-28,Bronx,202209.0,6
1046,2019-07-29,Bronx,398785.0,3
1051,2019-07-30,Bronx,412805.0,0
1056,2019-07-31,Bronx,439366.0,0
1061,2019-08-01,Bronx,420036.0,0
1066,2019-08-02,Bronx,411764.0,0
1071,2019-08-03,Bronx,286542.0,2
1076,2019-08-04,Bronx,214613.0,0
1081,2019-08-05,Bronx,417803.0,1
1086,2019-08-06,Bronx,409825.0,1
1091,2019-08-07,Bronx,402835.0,0
1096,2019-08-08,Bronx,414969.0,0
1101,2019-08-09,Bronx,406599.0,0
1106,2019-08-10,Bronx,254356.0,2
1111,2019-08-11,Bronx,199720.0,2
1116,2019-08-12,Bronx,395113.0,0
1121,2019-08-13,Bronx,407650.0,1
1126,2019-08-14,Bronx,429181.0,0
1131,2019-08-15,Bronx,405270.0,1
1136,2019-08-16,Bronx,414226.0,2
1141,2019-08-17,Bronx,279415.0,1
1146,2019-08-18,Bronx,207445.0,1
1151,2019-08-19,Bronx,373452.0,1
1156,2019-08-20,Bronx,393091.0,0
1161,2019-08-21,Bronx,391709.0,1
1166,2019-08-22,Bronx,397737.0,2
1171,2019-08-23,Bronx,385111.0,2
1176,2019-08-24,Bronx,251374.0,1
1181,2019-08-25,Bronx,203588.0,1
1186,2019-08-26,Bronx,382837.0,1
1191,2019-08-27,Bronx,410015.0,2
1196,2019-08-28,Bronx,406864.0,1
1201,2019-08-29,Bronx,413923.0,0
1206,2019-08-30,Bronx,408318.0,1
1211,2019-08-31,Bronx,252123.0,1
1216,2019-09-01,Bronx,187385.0,0
1221,2019-09-02,Bronx,199863.0,3
1226,2019-09-03,Bronx,418171.0,0
1231,2019-09-04,Bronx,443883.0,1
1236,2019-09-05,Bronx,465355.0,0
1241,2019-09-06,Bronx,450235.0,0
1246,2019-09-07,Bronx,246758.0,0
1251,2019-09-08,Bronx,182768.0,0
1256,2019-09-09,Bronx,460626.0,0
1261,2019-09-10,Bronx,475709.0,0
1266,2019-09-11,Bronx,480023.0,0
1271,2019-09-12,Bronx,475905.0,1
1276,2019-09-13,Bronx,475170.0,1
1281,2019-09-14,Bronx,248367.0,0
1286,2019-09-15,Bronx,189026.0,2
1291,2019-09-16,Bronx,461480.0,0
1296,2019-09-17,Bronx,482117.0,1
1301,2019-09-18,Bronx,503670.0,1
1306,2019-09-19,Bronx,498238.0,0
1311,2019-09-20,Bronx,492779.0,0
1316,2019-09-21,Bronx,291953.0,0
1321,2019-09-22,Bronx,211040.0,2
1326,2019-09-23,Bronx,456841.0,1
1331,2019-09-24,Bronx,476977.0,2
1336,2019-09-25,Bronx,482842.0,0
1341,2019-09-26,Bronx,487032.0,1
1346,2019-09-27,Bronx,477016.0,0
1351,2019-09-28,Bronx,256619.0,1
1356,2019-09-29,Bronx,203524.0,2
1361,2019-09-30,Bronx,385933.0,0
1366,2019-10-01,Bronx,410319.0,0
1371,2019-10-02,Bronx,480488.0,1
1376,2019-10-03,Bronx,471571.0,0
1381,2019-10-04,Bronx,483705.0,2
1386,2019-10-05,Bronx,283584.0,3
1391,2019-10-06,Bronx,204937.0,0
1396,2019-10-07,Bronx,464223.0,1
1401,2019-10-08,Bronx,466507.0,0
1406,2019-10-09,Bronx,387538.0,0
1411,2019-10-10,Bronx,484328.0,0
1416,2019-10-11,Bronx,476219.0,0
1421,2019-10-12,Bronx,261575.0,1
1426,2019-10-13,Bronx,201817.0,0
1431,2019-10-14,Bronx,322914.0,0
1436,2019-10-15,Bronx,488178.0,0
1441,2019-10-16,Bronx,463021.0,0
1446,2019-10-17,Bronx,475857.0,0
1451,2019-10-18,Bronx,497348.0,0
1456,2019-10-19,Bronx,276137.0,0
1461,2019-10-20,Bronx,184948.0,0
1466,2019-10-21,Bronx,460274.0,0
1471,2019-10-22,Bronx,468732.0,0
1476,2019-10-23,Bronx,485795.0,0
1481,2019-10-24,Bronx,487117.0,1
1486,2019-10-25,Bronx,472930.0,5
1491,2019-10-26,Bronx,267990.0,1
1496,2019-10-27,Bronx,172199.0,1
1501,2019-10-28,Bronx,464351.0,1
1506,2019-10-29,Bronx,473635.0,0
1511,2019-10-30,Bronx,480750.0,1
1516,2019-10-31,Bronx,448875.0,3
1521,2019-11-01,Bronx,472380.0,1
1526,2019-11-02,Bronx,267273.0,1
1531,2019-11-03,Bronx,205403.0,0
1536,2019-11-04,Bronx,464718.0,4
1541,2019-11-05,Bronx,425410.0,0
1546,2019-11-06,Bronx,484050.0,1
1551,2019-11-07,Bronx,478168.0,0
1556,2019-11-08,Bronx,461682.0,0
1561,2019-11-09,Bronx,267877.0,0
1566,2019-11-10,Bronx,197376.0,1
1571,2019-11-11,Bronx,366188.0,0
1576,2019-11-12,Bronx,461148.0,1
1581,2019-11-13,Bronx,461549.0,1
1586,2019-11-14,Bronx,470520.0,1
1591,2019-11-15,Bronx,473350.0,2
1596,2019-11-16,Bronx,257017.0,0
1601,2019-11-17,Bronx,193234.0,2
1606,2019-11-18,Bronx,448838.0,0
1611,2019-11-19,Bronx,474056.0,0
1616,2019-11-20,Bronx,479707.0,4
1621,2019-11-21,Bronx,480031.0,2
1626,2019-11-22,Bronx,469001.0,0
1631,2019-11-23,Bronx,262319.0,0
1636,2019-11-24,Bronx,180744.0,0
1641,2019-11-25,Bronx,457669.0,0
1646,2019-11-26,Bronx,474589.0,0
1651,2019-11-27,Bronx,453389.0,9
1656,2019-11-28,Bronx,199451.0,1
1661,2019-11-29,Bronx,295919.0,1
1666,2019-11-30,Bronx,226505.0,1
1671,2019-12-01,Bronx,164484.0,0
1676,2019-12-02,Bronx,413575.0,0
1681,2019-12-03,Bronx,458231.0,1
1686,2019-12-04,Bronx,470471.0,0
1691,2019-12-05,Bronx,472665.0,2
1696,2019-12-06,Bronx,467006.0,1
1701,2019-12-07,Bronx,255182.0,1
1706,2019-12-08,Bronx,193753.0,1
1711,2019-12-09,Bronx,430440.0,0
1716,2019-12-10,Bronx,462100.0,1
1721,2019-12-11,Bronx,459843.0,0
1726,2019-12-12,Bronx,467367.0,0
1731,2019-12-13,Bronx,451699.0,0
1736,2019-12-14,Bronx,255247.0,1
1741,2019-12-15,Bronx,202800.0,0
1746,2019-12-16,Bronx,444962.0,0
1751,2019-12-17,Bronx,437734.0,0
1756,2019-12-18,Bronx,458269.0,0
1761,2019-12-19,Bronx,430774.0,0
1766,2019-12-20,Bronx,436552.0,1
1771,2019-12-21,Bronx,259674.0,1
1776,2019-12-22,Bronx,204375.0,0
1781,2019-12-23,Bronx,376092.0,2
1786,2019-12-24,Bronx,322275.0,0
1791,2019-12-25,Bronx,156375.0,1
1796,2019-12-26,Bronx,326078.0,0
1801,2019-12-27,Bronx,362164.0,1
1806,2019-12-28,Bronx,246737.0,0
1811,2019-12-29,Bronx,189536.0,0
1816,2019-12-30,Bronx,326545.0,0
1821,2019-12-31,Bronx,320673.0,0
0,2019-01-01,Brooklyn,532469.0,2
5,2019-01-02,Brooklyn,1074453.0,1
10,2019-01-03,Brooklyn,1151638.0,0
15,2019-01-04,Brooklyn,1141215.0,2
20,2019-01-05,Brooklyn,642298.0,0
25,2019-01-06,Brooklyn,549760.0,1
30,2019-01-07,Brooklyn,1125744.0,0
35,2019-01-08,Brooklyn,1167425.0,1
40,2019-01-09,Brooklyn,1192792.0,0
45,2019-01-10,Brooklyn,1190806.0,0
50,2019-01-11,Brooklyn,1160974.0,1
55,2019-01-12,Brooklyn,672731.0,1
60,2019-01-13,Brooklyn,522415.0,3
65,2019-01-14,Brooklyn,1127977.0,4
70,2019-01-15,Brooklyn,1192050.0,0
75,2019-01-16,Brooklyn,1201054.0,0
80,2019-01-17,Brooklyn,1207109.0,1
85,2019-01-18,Brooklyn,1157811.0,0
90,2019-01-19,Brooklyn,648417.0,1
95,2019-01-20,Brooklyn,471249.0,0
100,2019-01-21,Brooklyn,565690.0,0
105,2019-01-22,Brooklyn,1079381.0,0
110,2019-01-23,Brooklyn,1160114.0,0
115,2019-01-24,Brooklyn,1131314.0,0
120,2019-01-25,Brooklyn,1158407.0,1
125,2019-01-26,Brooklyn,700842.0,2
130,2019-01-27,Brooklyn,555154.0,0
135,2019-01-28,Brooklyn,1130381.0,0
140,2019-01-29,Brooklyn,1223787.0,0
145,2019-01-30,Brooklyn,1196460.0,0
150,2019-01-31,Brooklyn,1045905.0,0
155,2019-02-01,Brooklyn,1143874.0,0
160,2019-02-02,Brooklyn,641071.0,0
165,2019-02-03,Brooklyn,525253.0,1
170,2019-02-04,Brooklyn,1168776.0,5
175,2019-02-05,Brooklyn,1158736.0,0
180,2019-02-06,Brooklyn,1247722.0,7
185,2019-02-07,Brooklyn,1248911.0,0
190,2019-02-08,Brooklyn,1223782.0,0
195,2019-02-09,Brooklyn,671112.0,0
200,2019-02-10,Brooklyn,511734.0,0
205,2019-02-11,Brooklyn,1169900.0,2
210,2019-02-12,Brooklyn,1107522.0,0
215,2019-02-13,Brooklyn,1228665.0,0
220,2019-02-14,Brooklyn,1263640.0,0
225,2019-02-15,Brooklyn,1204269.0,0
230,2019-02-16,Brooklyn,673794.0,0
235,2019-02-17,Brooklyn,547898.0,1
240,2019-02-18,Brooklyn,683403.0,0
245,2019-02-19,Brooklyn,1084691.0,2
250,2019-02-20,Brooklyn,1079216.0,0
255,2019-02-21,Brooklyn,1135009.0,0
260,2019-02-22,Brooklyn,1120622.0,2
265,2019-02-23,Brooklyn,686901.0,0
270,2019-02-24,Brooklyn,509034.0,2
275,2019-02-25,Brooklyn,1152718.0,0
280,2019-02-26,Brooklyn,1231901.0,1
285,2019-02-27,Brooklyn,1232793.0,0
290,2019-02-28,Brooklyn,1246393.0,0
295,2019-03-01,Brooklyn,1206386.0,0
300,2019-03-02,Brooklyn,673760.0,1
305,2019-03-03,Brooklyn,543635.0,0
310,2019-03-04,Brooklyn,895570.0,1
315,2019-03-05,Brooklyn,1232459.0,1
320,2019-03-06,Brooklyn,1231431.0,1
325,2019-03-07,Brooklyn,1244691.0,0
330,2019-03-08,Brooklyn,1223789.0,0
335,2019-03-09,Brooklyn,723209.0,0
340,2019-03-10,Brooklyn,533349.0,1
345,2019-03-11,Brooklyn,1205611.0,3
350,2019-03-12,Brooklyn,1262012.0,4
355,2019-03-13,Brooklyn,1263329.0,0
360,2019-03-14,Brooklyn,1263457.0,0
365,2019-03-15,Brooklyn,1237168.0,1
370,2019-03-16,Brooklyn,703753.0,1
375,2019-03-17,Brooklyn,566012.0,1
380,2019-03-18,Brooklyn,1191676.0,0
385,2019-03-19,Brooklyn,1239810.0,2
390,2019-03-20,Brooklyn,1254021.0,0
395,2019-03-21,Brooklyn,1194986.0,2
400,2019-03-22,Brooklyn,1194505.0,1
405,2019-03-23,Brooklyn,684834.0,1
410,2019-03-24,Brooklyn,570357.0,1
415,2019-03-25,Brooklyn,1188935.0,0
420,2019-03-26,Brooklyn,1244625.0,1
425,2019-03-27,Brooklyn,1251925.0,0
430,2019-03-28,Brooklyn,1266937.0,0
435,2019-03-29,Brooklyn,1224352.0,0
440,2019-03-30,Brooklyn,722744.0,3
445,2019-03-31,Brooklyn,536881.0,3
450,2019-04-01,Brooklyn,1206125.0,0
455,2019-04-02,Brooklyn,1270931.0,0
460,2019-04-03,Brooklyn,1281960.0,0
465,2019-04-04,Brooklyn,1293707.0,1
470,2019-04-05,Brooklyn,1225809.0,0
475,2019-04-06,Brooklyn,743130.0,1
480,2019-04-07,Brooklyn,600256.0,1
485,2019-04-08,Brooklyn,1208633.0,4
490,2019-04-09,Brooklyn,1263343.0,1
495,2019-04-10,Brooklyn,1286097.0,1
500,2019-04-11,Brooklyn,1281591.0,0
505,2019-04-12,Brooklyn,1236648.0,0
510,2019-04-13,Brooklyn,736483.0,0
515,2019-04-14,Brooklyn,579676.0,2
520,2019-04-15,Brooklyn,1198056.0,0
525,2019-04-16,Brooklyn,1278178.0,1
530,2019-04-17,Brooklyn,1285894.0,0
535,2019-04-18,Brooklyn,1260465.0,3
540,2019-04-19,Brooklyn,1037649.0,0
545,2019-04-20,Brooklyn,635715.0,1
550,2019-04-21,Brooklyn,532348.0,0
555,2019-04-22,Brooklyn,1012987.0,1
560,2019-04-23,Brooklyn,1138907.0,0
565,2019-04-24,Brooklyn,1135835.0,1
570,2019-04-25,Brooklyn,1126927.0,0
575,2019-04-26,Brooklyn,1023982.0,0
580,2019-04-27,Brooklyn,736256.0,1
585,2019-04-28,Brooklyn,570434.0,0
590,2019-04-29,Brooklyn,1200672.0,0
595,2019-04-30,Brooklyn,1238820.0,1
600,2019-05-01,Brooklyn,1257601.0,0
605,2019-05-02,Brooklyn,1271262.0,1
610,2019-05-03,Brooklyn,1238387.0,0
615,2019-05-04,Brooklyn,777425.0,0
620,2019-05-05,Brooklyn,567405.0,0
625,2019-05-06,Brooklyn,1222679.0,0
630,2019-05-07,Brooklyn,1269590.0,0
635,2019-05-08,Brooklyn,1290455.0,0
640,2019-05-09,Brooklyn,1283621.0,1
645,2019-05-10,Brooklyn,1237412.0,0
650,2019-05-11,Brooklyn,764986.0,0
655,2019-05-12,Brooklyn,505608.0,0
660,2019-05-13,Brooklyn,1166595.0,0
665,2019-05-14,Brooklyn,1249247.0,0
670,2019-05-15,Brooklyn,1275206.0,0
675,2019-05-16,Brooklyn,1290680.0,2
680,2019-05-17,Brooklyn,1263121.0,0
685,2019-05-18,Brooklyn,804072.0,1
690,2019-05-19,Brooklyn,632591.0,1
695,2019-05-20,Brooklyn,1221674.0,0
700,2019-05-21,Brooklyn,1269836.0,1
705,2019-05-22,Brooklyn,1279730.0,0
710,2019-05-23,Brooklyn,1231836.0,1
715,2019-05-24,Brooklyn,1209517.0,2
720,2019-05-25,Brooklyn,707547.0,1
725,2019-05-26,Brooklyn,622358.0,10
730,2019-05-27,Brooklyn,634236.0,6
735,2019-05-28,Brooklyn,1185193.0,2
740,2019-05-29,Brooklyn,1224310.0,1
745,2019-05-30,Brooklyn,1238234.0,1
750,2019-05-31,Brooklyn,1246455.0,1
755,2019-06-01,Brooklyn,754308.0,5
760,2019-06-02,Brooklyn,615139.0,1
765,2019-06-03,Brooklyn,1207426.0,1
770,2019-06-04,Brooklyn,1185910.0,2
775,2019-06-05,Brooklyn,1264447.0,0
780,2019-06-06,Brooklyn,1207664.0,2
785,2019-06-07,Brooklyn,1217409.0,5
790,2019-06-08,Brooklyn,778592.0,2
795,2019-06-09,Brooklyn,624734.0,0
800,2019-06-10,Brooklyn,1117735.0,2
805,2019-06-11,Brooklyn,1216898.0,1
810,2019-06-12,Brooklyn,1271123.0,3
815,2019-06-13,Brooklyn,1245105.0,1
820,2019-06-14,Brooklyn,1240099.0,1
825,2019-06-15,Brooklyn,774624.0,0
830,2019-06-16,Brooklyn,587169.0,0
835,2019-06-17,Brooklyn,1173502.0,2
840,2019-06-18,Brooklyn,1184336.0,1
845,2019-06-19,Brooklyn,1217619.0,1
850,2019-06-20,Brooklyn,1211637.0,4
855,2019-06-21,Brooklyn,1193340.0,0
860,2019-06-22,Brooklyn,818301.0,1
865,2019-06-23,Brooklyn,664956.0,1
870,2019-06-24,Brooklyn,1169302.0,1
875,2019-06-25,Brooklyn,1178830.0,1
880,2019-06-26,Brooklyn,1250623.0,1
885,2019-06-27,Brooklyn,1211373.0,0
890,2019-06-28,Brooklyn,1170616.0,4
895,2019-06-29,Brooklyn,738067.0,4
900,2019-06-30,Brooklyn,664987.0,0
905,2019-07-01,Brooklyn,1111907.0,0
910,2019-07-02,Brooklyn,1137410.0,1
915,2019-07-03,Brooklyn,1120633.0,0
920,2019-07-04,Brooklyn,659968.0,2
925,2019-07-05,Brooklyn,961143.0,3
930,2019-07-06,Brooklyn,622034.0,1
935,2019-07-07,Brooklyn,554295.0,1
940,2019-07-08,Brooklyn,1095892.0,2
945,2019-07-09,Brooklyn,1166280.0,0
950,2019-07-10,Brooklyn,1181068.0,2
955,2019-07-11,Brooklyn,1175629.0,0
960,2019-07-12,Brooklyn,1125967.0,0
965,2019-07-13,Brooklyn,744480.0,1
970,2019-07-14,Brooklyn,613038.0,4
975,2019-07-15,Brooklyn,1130195.0,1
980,2019-07-16,Brooklyn,1172361.0,0
985,2019-07-17,Brooklyn,1171132.0,0
990,2019-07-18,Brooklyn,1127209.0,0
995,2019-07-19,Brooklyn,1096221.0,0
1000,2019-07-20,Brooklyn,646778.0,0
1005,2019-07-21,Brooklyn,516707.0,2
1010,2019-07-22,Brooklyn,1056863.0,0
1015,2019-07-23,Brooklyn,1078239.0,2
1020,2019-07-24,Brooklyn,1154912.0,2
1025,2019-07-25,Brooklyn,1163477.0,1
1030,2019-07-26,Brooklyn,1120562.0,2
1035,2019-07-27,Brooklyn,748380.0,12
1040,2019-07-28,Brooklyn,589633.0,1
1045,2019-07-29,Brooklyn,1085993.0,1
1050,2019-07-30,Brooklyn,1133094.0,0
1055,2019-07-31,Brooklyn,1123528.0,0
1060,2019-08-01,Brooklyn,1148031.0,0
1065,2019-08-02,Brooklyn,1107960.0,0
1070,2019-08-03,Brooklyn,724032.0,1
1075,2019-08-04,Brooklyn,584513.0,2
1080,2019-08-05,Brooklyn,1092842.0,5
1085,2019-08-06,Brooklyn,1129245.0,1
1090,2019-08-07,Brooklyn,1110911.0,0
1095,2019-08-08,Brooklyn,1138180.0,1
1100,2019-08-09,Brooklyn,1116207.0,0
1105,2019-08-10,Brooklyn,710791.0,1
1110,2019-08-11,Brooklyn,603868.0,6
1115,2019-08-12,Brooklyn,1071217.0,2
1120,2019-08-13,Brooklyn,1092904.0,2
1125,2019-08-14,Brooklyn,1103667.0,2
1130,2019-08-15,Brooklyn,1127419.0,0
1135,2019-08-16,Brooklyn,1094613.0,2
1140,2019-08-17,Brooklyn,688790.0,1
1145,2019-08-18,Brooklyn,577291.0,2
1150,2019-08-19,Brooklyn,1036498.0,0
1155,2019-08-20,Brooklyn,1093626.0,2
1160,2019-08-21,Brooklyn,1094610.0,1
1165,2019-08-22,Brooklyn,1098683.0,0
1170,2019-08-23,Brooklyn,1058294.0,1
1175,2019-08-24,Brooklyn,713180.0,0
1180,2019-08-25,Brooklyn,602841.0,2
1185,2019-08-26,Brooklyn,1055089.0,0
1190,2019-08-27,Brooklyn,1122161.0,1
1195,2019-08-28,Brooklyn,1124744.0,0
1200,2019-08-29,Brooklyn,1139881.0,0
1205,2019-08-30,Brooklyn,1073061.0,3
1210,2019-08-31,Brooklyn,724148.0,2
1215,2019-09-01,Brooklyn,608331.0,0
1220,2019-09-02,Brooklyn,552540.0,6
1225,2019-09-03,Brooklyn,1141697.0,0
1230,2019-09-04,Brooklyn,1199789.0,2
1235,2019-09-05,Brooklyn,1259933.0,1
1240,2019-09-06,Brooklyn,1217132.0,3
1245,2019-09-07,Brooklyn,749216.0,0
1250,2019-09-08,Brooklyn,621632.0,0
1255,2019-09-09,Brooklyn,1257940.0,0
1260,2019-09-10,Brooklyn,1302543.0,0
1265,2019-09-11,Brooklyn,1309987.0,2
1270,2019-09-12,Brooklyn,1304499.0,2
1275,2019-09-13,Brooklyn,1282091.0,1
1280,2019-09-14,Brooklyn,717438.0,1
1285,2019-09-15,Brooklyn,613664.0,1
1290,2019-09-16,Brooklyn,1243022.0,1
1295,2019-09-17,Brooklyn,1297170.0,0
1300,2019-09-18,Brooklyn,1314479.0,0
1305,2019-09-19,Brooklyn,1316192.0,0
1310,2019-09-20,Brooklyn,1290697.0,0
1315,2019-09-21,Brooklyn,765654.0,3
1320,2019-09-22,Brooklyn,639689.0,1
1325,2019-09-23,Brooklyn,1247948.0,3
1330,2019-09-24,Brooklyn,1301403.0,2
1335,2019-09-25,Brooklyn,1312918.0,1
1340,2019-09-26,Brooklyn,1313321.0,1
1345,2019-09-27,Brooklyn,1281172.0,4
1350,2019-09-28,Brooklyn,749005.0,0
1355,2019-09-29,Brooklyn,628318.0,0
1360,2019-09-30,Brooklyn,1027026.0,0
1365,2019-10-01,Brooklyn,1097146.0,0
1370,2019-10-02,Brooklyn,1303635.0,2
1375,2019-10-03,Brooklyn,1299795.0,3
1380,2019-10-04,Brooklyn,1300343.0,0
1385,2019-10-05,Brooklyn,748577.0,0
1390,2019-10-06,Brooklyn,591096.0,4
1395,2019-10-07,Brooklyn,1246611.0,1
1400,2019-10-08,Brooklyn,1257729.0,0
1405,2019-10-09,Brooklyn,1025236.0,0
1410,2019-10-10,Brooklyn,1317922.0,1
1415,2019-10-11,Brooklyn,1282655.0,0
1420,2019-10-12,Brooklyn,741283.0,12
1425,2019-10-13,Brooklyn,611633.0,2
1430,2019-10-14,Brooklyn,888006.0,0
1435,2019-10-15,Brooklyn,1252970.0,1
1440,2019-10-16,Brooklyn,1267939.0,0
1445,2019-10-17,Brooklyn,1298487.0,0
1450,2019-10-18,Brooklyn,1294910.0,0
1455,2019-10-19,Brooklyn,781500.0,0
1460,2019-10-20,Brooklyn,591788.0,0
1465,2019-10-21,Brooklyn,1216955.0,0
1470,2019-10-22,Brooklyn,1252422.0,0
1475,2019-10-23,Brooklyn,1321046.0,0
1480,2019-10-24,Brooklyn,1345784.0,1
1485,2019-10-25,Brooklyn,1295858.0,0
1490,2019-10-26,Brooklyn,753901.0,2
1495,2019-10-27,Brooklyn,514789.0,2
1500,2019-10-28,Brooklyn,1256699.0,1
1505,2019-10-29,Brooklyn,1299563.0,1
1510,2019-10-30,Brooklyn,1316287.0,0
1515,2019-10-31,Brooklyn,1287221.0,1
1520,2019-11-01,Brooklyn,1299853.0,0
1525,2019-11-02,Brooklyn,761893.0,2
1530,2019-11-03,Brooklyn,677350.0,1
1535,2019-11-04,Brooklyn,1246775.0,0
1540,2019-11-05,Brooklyn,1189542.0,2
1545,2019-11-06,Brooklyn,1324168.0,2
1550,2019-11-07,Brooklyn,1316390.0,0
1555,2019-11-08,Brooklyn,1272793.0,0
1560,2019-11-09,Brooklyn,719208.0,0
1565,2019-11-10,Brooklyn,583008.0,5
1570,2019-11-11,Brooklyn,991411.0,0
1575,2019-11-12,Brooklyn,1253826.0,0
1580,2019-11-13,Brooklyn,1266079.0,1
1585,2019-11-14,Brooklyn,1248367.0,0
1590,2019-11-15,Brooklyn,1230044.0,0
1595,2019-11-16,Brooklyn,820058.0,1
1600,2019-11-17,Brooklyn,575322.0,1
1605,2019-11-18,Brooklyn,1205730.0,0
1610,2019-11-19,Brooklyn,1294459.0,1
1615,2019-11-20,Brooklyn,1308181.0,1
1620,2019-11-21,Brooklyn,1316062.0,0
1625,2019-11-22,Brooklyn,1275798.0,0
1630,2019-11-23,Brooklyn,720411.0,2
1635,2019-11-24,Brooklyn,543108.0,0
1640,2019-11-25,Brooklyn,1215801.0,0
1645,2019-11-26,Brooklyn,1269121.0,1
1650,2019-11-27,Brooklyn,1181661.0,0
1655,2019-11-28,Brooklyn,508166.0,1
1660,2019-11-29,Brooklyn,736615.0,1
1665,2019-11-30,Brooklyn,612008.0,0
1670,2019-12-01,Brooklyn,496290.0,2
1675,2019-12-02,Brooklyn,1130899.0,2
1680,2019-12-03,Brooklyn,1256513.0,1
1685,2019-12-04,Brooklyn,1295796.0,2
1690,2019-12-05,Brooklyn,1310637.0,0
1695,2019-12-06,Brooklyn,1283111.0,2
1700,2019-12-07,Brooklyn,783271.0,1
1705,2019-12-08,Brooklyn,647151.0,0
1710,2019-12-09,Brooklyn,1188693.0,0
1715,2019-12-10,Brooklyn,1269464.0,0
1720,2019-12-11,Brooklyn,1284965.0,1
1725,2019-12-12,Brooklyn,1305160.0,0
1730,2019-12-13,Brooklyn,1260301.0,0
1735,2019-12-14,Brooklyn,745557.0,0
1740,2019-12-15,Brooklyn,643237.0,1
1745,2019-12-16,Brooklyn,1224591.0,0
1750,2019-12-17,Brooklyn,1219114.0,0
1755,2019-12-18,Brooklyn,1261108.0,0
1760,2019-12-19,Brooklyn,1232419.0,1
1765,2019-12-20,Brooklyn,1219096.0,0
1770,2019-12-21,Brooklyn,709441.0,2
1775,2019-12-22,Brooklyn,601683.0,0
1780,2019-12-23,Brooklyn,974983.0,3
1785,2019-12-24,Brooklyn,840620.0,1
1790,2019-12-25,Brooklyn,393237.0,2
1795,2019-12-26,Brooklyn,793183.0,0
1800,2019-12-27,Brooklyn,900922.0,1
1805,2019-12-28,Brooklyn,655790.0,1
1810,2019-12-29,Brooklyn,561407.0,1
1815,2019-12-30,Brooklyn,882033.0,3
1820,2019-12-31,Brooklyn,878654.0,1
2,2019-01-01,Manhattan,1299404.0,0
7,2019-01-02,Manhattan,2671293.0,0
12,2019-01-03,Manhattan,2956724.0,0
17,2019-01-04,Manhattan,2941568.0,0
22,2019-01-05,Manhattan,1588690.0,0
27,2019-01-06,Manhattan,1284363.0,0
32,2019-01-07,Manhattan,2707081.0,0
37,2019-01-08,Manhattan,2931457.0,0
42,2019-01-09,Manhattan,3027410.0,0
47,2019-01-10,Manhattan,3045365.0,0
52,2019-01-11,Manhattan,2991418.0,0
57,2019-01-12,Manhattan,1678144.0,0
62,2019-01-13,Manhattan,1242988.0,1
67,2019-01-14,Manhattan,2703601.0,0
72,2019-01-15,Manhattan,2985344.0,0
77,2019-01-16,Manhattan,3062950.0,0
82,2019-01-17,Manhattan,3084757.0,0
87,2019-01-18,Manhattan,2924554.0,0
92,2019-01-19,Manhattan,1665389.0,2
97,2019-01-20,Manhattan,1135125.0,0
102,2019-01-21,Manhattan,1348039.0,0
107,2019-01-22,Manhattan,2685865.0,0
112,2019-01-23,Manhattan,3007776.0,0
117,2019-01-24,Manhattan,2959921.0,0
122,2019-01-25,Manhattan,3034523.0,0
127,2019-01-26,Manhattan,1786891.0,0
132,2019-01-27,Manhattan,1333482.0,0
137,2019-01-28,Manhattan,2764791.0,1
142,2019-01-29,Manhattan,3079141.0,0
147,2019-01-30,Manhattan,3090530.0,2
152,2019-01-31,Manhattan,2821240.0,4
157,2019-02-01,Manhattan,2946832.0,1
162,2019-02-02,Manhattan,1720721.0,1
167,2019-02-03,Manhattan,1306160.0,0
172,2019-02-04,Manhattan,2814090.0,1
177,2019-02-05,Manhattan,3005743.0,0
182,2019-02-06,Manhattan,3210372.0,0
187,2019-02-07,Manhattan,3186567.0,0
192,2019-02-08,Manhattan,3177516.0,0
197,2019-02-09,Manhattan,1830641.0,1
202,2019-02-10,Manhattan,1361522.0,1
207,2019-02-11,Manhattan,2815078.0,0
212,2019-02-12,Manhattan,2849806.0,0
217,2019-02-13,Manhattan,3111656.0,0
222,2019-02-14,Manhattan,3250948.0,1
227,2019-02-15,Manhattan,3036799.0,0
232,2019-02-16,Manhattan,1846345.0,0
237,2019-02-17,Manhattan,1434383.0,0
242,2019-02-18,Manhattan,1637007.0,0
247,2019-02-19,Manhattan,2832850.0,0
252,2019-02-20,Manhattan,2977322.0,0
257,2019-02-21,Manhattan,3011308.0,0
262,2019-02-22,Manhattan,3066590.0,0
267,2019-02-23,Manhattan,1777633.0,1
272,2019-02-24,Manhattan,1265059.0,0
277,2019-02-25,Manhattan,2778390.0,0
282,2019-02-26,Manhattan,3116220.0,0
287,2019-02-27,Manhattan,3145535.0,1
292,2019-02-28,Manhattan,3209640.0,1
297,2019-03-01,Manhattan,3133350.0,0
302,2019-03-02,Manhattan,1722802.0,0
307,2019-03-03,Manhattan,1383062.0,0
312,2019-03-04,Manhattan,2301830.0,0
317,2019-03-05,Manhattan,3096419.0,0
322,2019-03-06,Manhattan,3280836.0,0
327,2019-03-07,Manhattan,3266172.0,0
332,2019-03-08,Manhattan,3231235.0,0
337,2019-03-09,Manhattan,1924391.0,1
342,2019-03-10,Manhattan,1389691.0,1
347,2019-03-11,Manhattan,2963745.0,0
352,2019-03-12,Manhattan,3231370.0,0
357,2019-03-13,Manhattan,3281827.0,0
362,2019-03-14,Manhattan,3273470.0,0
367,2019-03-15,Manhattan,3194295.0,0
372,2019-03-16,Manhattan,1929099.0,1
377,2019-03-17,Manhattan,1497693.0,1
382,2019-03-18,Manhattan,2882637.0,4
387,2019-03-19,Manhattan,3121737.0,0
392,2019-03-20,Manhattan,3198544.0,0
397,2019-03-21,Manhattan,3182460.0,0
402,2019-03-22,Manhattan,3094750.0,0
407,2019-03-23,Manhattan,1803272.0,0
412,2019-03-24,Manhattan,1454194.0,0
417,2019-03-25,Manhattan,2903035.0,0
422,2019-03-26,Manhattan,3165401.0,0
427,2019-03-27,Manhattan,3234283.0,1
432,2019-03-28,Manhattan,3252827.0,0
437,2019-03-29,Manhattan,3161661.0,0
442,2019-03-30,Manhattan,1921319.0,0
447,2019-03-31,Manhattan,1408652.0,0
452,2019-04-01,Manhattan,2968278.0,0
457,2019-04-02,Manhattan,3216719.0,0
462,2019-04-03,Manhattan,3288519.0,0
467,2019-04-04,Manhattan,3293844.0,0
472,2019-04-05,Manhattan,3229159.0,0
477,2019-04-06,Manhattan,1991287.0,0
482,2019-04-07,Manhattan,1519685.0,1
487,2019-04-08,Manhattan,2958944.0,0
492,2019-04-09,Manhattan,3241542.0,0
497,2019-04-10,Manhattan,3256606.0,0
502,2019-04-11,Manhattan,3273026.0,1
507,2019-04-12,Manhattan,3203980.0,0
512,2019-04-13,Manhattan,1981920.0,1
517,2019-04-14,Manhattan,1527498.0,2
522,2019-04-15,Manhattan,3012356.0,0
527,2019-04-16,Manhattan,3275602.0,0
532,2019-04-17,Manhattan,3346477.0,1
537,2019-04-18,Manhattan,3315606.0,3
542,2019-04-19,Manhattan,2741576.0,0
547,2019-04-20,Manhattan,1779070.0,0
552,2019-04-21,Manhattan,1423265.0,0
557,2019-04-22,Manhattan,2811898.0,0
562,2019-04-23,Manhattan,3077009.0,0
567,2019-04-24,Manhattan,3129783.0,1
572,2019-04-25,Manhattan,3207183.0,0
577,2019-04-26,Manhattan,3017327.0,0
582,2019-04-27,Manhattan,1889153.0,0
587,2019-04-28,Manhattan,1510716.0,0
592,2019-04-29,Manhattan,3006171.0,0
597,2019-04-30,Manhattan,3192202.0,1
602,2019-05-01,Manhattan,3296876.0,0
607,2019-05-02,Manhattan,3303857.0,0
612,2019-05-03,Manhattan,3258254.0,1
617,2019-05-04,Manhattan,1884450.0,0
622,2019-05-05,Manhattan,1461331.0,0
627,2019-05-06,Manhattan,2993234.0,0
632,2019-05-07,Manhattan,3223182.0,0
637,2019-05-08,Manhattan,3250390.0,0
642,2019-05-09,Manhattan,3280933.0,2
647,2019-05-10,Manhattan,3105541.0,0
652,2019-05-11,Manhattan,1993808.0,0
657,2019-05-12,Manhattan,1290203.0,0
662,2019-05-13,Manhattan,2985140.0,0
667,2019-05-14,Manhattan,3249900.0,4
672,2019-05-15,Manhattan,3301661.0,0
677,2019-05-16,Manhattan,3335881.0,0
682,2019-05-17,Manhattan,3254173.0,1
687,2019-05-18,Manhattan,1980630.0,3
692,2019-05-19,Manhattan,1602381.0,1
697,2019-05-20,Manhattan,3017130.0,0
702,2019-05-21,Manhattan,3276820.0,0
707,2019-05-22,Manhattan,3331893.0,1
712,2019-05-23,Manhattan,3260365.0,1
717,2019-05-24,Manhattan,2994590.0,0
722,2019-05-25,Manhattan,1737008.0,1
727,2019-05-26,Manhattan,1454428.0,4
732,2019-05-27,Manhattan,1371347.0,0
737,2019-05-28,Manhattan,2950393.0,2
742,2019-05-29,Manhattan,3250493.0,0
747,2019-05-30,Manhattan,3256762.0,0
752,2019-05-31,Manhattan,3184222.0,0
757,2019-06-01,Manhattan,1855477.0,0
762,2019-06-02,Manhattan,1501197.0,0
767,2019-06-03,Manhattan,2968725.0,0
772,2019-06-04,Manhattan,3130223.0,0
777,2019-06-05,Manhattan,3262444.0,0
782,2019-06-06,Manhattan,3235017.0,0
787,2019-06-07,Manhattan,3149793.0,1
792,2019-06-08,Manhattan,1947029.0,2
797,2019-06-09,Manhattan,1528876.0,1
802,2019-06-10,Manhattan,2943205.0,1
807,2019-06-11,Manhattan,3173823.0,0
812,2019-06-12,Manhattan,3322976.0,0
817,2019-06-13,Manhattan,3274532.0,1
822,2019-06-14,Manhattan,3162183.0,0
827,2019-06-15,Manhattan,1852769.0,2
832,2019-06-16,Manhattan,1364578.0,0
837,2019-06-17,Manhattan,2941679.0,0
842,2019-06-18,Manhattan,3214272.0,0
847,2019-06-19,Manhattan,3253581.0,1
852,2019-06-20,Manhattan,3246573.0,0
857,2019-06-21,Manhattan,3129607.0,0
862,2019-06-22,Manhattan,1860272.0,0
867,2019-06-23,Manhattan,1495830.0,1
872,2019-06-24,Manhattan,2950655.0,1
877,2019-06-25,Manhattan,3130603.0,0
882,2019-06-26,Manhattan,3263453.0,0
887,2019-06-27,Manhattan,3252502.0,0
892,2019-06-28,Manhattan,3139137.0,0
897,2019-06-29,Manhattan,1886426.0,0
902,2019-06-30,Manhattan,1798270.0,1
907,2019-07-01,Manhattan,2938214.0,1
912,2019-07-02,Manhattan,3016192.0,0
917,2019-07-03,Manhattan,2956056.0,0
922,2019-07-04,Manhattan,1460134.0,0
927,2019-07-05,Manhattan,2058840.0,2
932,2019-07-06,Manhattan,1456171.0,1
937,2019-07-07,Manhattan,1281509.0,0
942,2019-07-08,Manhattan,2807438.0,0
947,2019-07-09,Manhattan,3063013.0,0
952,2019-07-10,Manhattan,3196026.0,0
957,2019-07-11,Manhattan,3210966.0,0
962,2019-07-12,Manhattan,3027630.0,0
967,2019-07-13,Manhattan,1753841.0,6
972,2019-07-14,Manhattan,1331493.0,1
977,2019-07-15,Manhattan,2888975.0,3
982,2019-07-16,Manhattan,3142200.0,2
987,2019-07-17,Manhattan,3182740.0,1
992,2019-07-18,Manhattan,3106933.0,0
997,2019-07-19,Manhattan,2971739.0,0
1002,2019-07-20,Manhattan,1540689.0,0
1007,2019-07-21,Manhattan,1256820.0,1
1012,2019-07-22,Manhattan,2848578.0,0
1017,2019-07-23,Manhattan,2978737.0,0
1022,2019-07-24,Manhattan,3163821.0,0
1027,2019-07-25,Manhattan,3178481.0,0
1032,2019-07-26,Manhattan,3024656.0,0
1037,2019-07-27,Manhattan,1756154.0,1
1042,2019-07-28,Manhattan,1405622.0,1
1047,2019-07-29,Manhattan,2829589.0,0
1052,2019-07-30,Manhattan,3072117.0,1
1057,2019-07-31,Manhattan,3104549.0,0
1062,2019-08-01,Manhattan,3081500.0,0
1067,2019-08-02,Manhattan,2950363.0,0
1072,2019-08-03,Manhattan,1721343.0,1
1077,2019-08-04,Manhattan,1418688.0,2
1082,2019-08-05,Manhattan,2806507.0,0
1087,2019-08-06,Manhattan,3023733.0,0
1092,2019-08-07,Manhattan,3103097.0,0
1097,2019-08-08,Manhattan,3043021.0,0
1102,2019-08-09,Manhattan,2931862.0,0
1107,2019-08-10,Manhattan,1711401.0,0
1112,2019-08-11,Manhattan,1422046.0,1
1117,2019-08-12,Manhattan,2763499.0,2
1122,2019-08-13,Manhattan,2944762.0,1
1127,2019-08-14,Manhattan,2985646.0,0
1132,2019-08-15,Manhattan,3015636.0,1
1137,2019-08-16,Manhattan,2827263.0,1
1142,2019-08-17,Manhattan,1579530.0,0
1147,2019-08-18,Manhattan,1274480.0,0
1152,2019-08-19,Manhattan,2614758.0,0
1157,2019-08-20,Manhattan,2859333.0,0
1162,2019-08-21,Manhattan,2904645.0,0
1167,2019-08-22,Manhattan,2875978.0,1
1172,2019-08-23,Manhattan,2741599.0,0
1177,2019-08-24,Manhattan,1568735.0,1
1182,2019-08-25,Manhattan,1285022.0,0
1187,2019-08-26,Manhattan,2639631.0,1
1192,2019-08-27,Manhattan,2887630.0,0
1197,2019-08-28,Manhattan,2935538.0,1
1202,2019-08-29,Manhattan,2920319.0,0
1207,2019-08-30,Manhattan,2700146.0,0
1212,2019-08-31,Manhattan,1591905.0,0
1217,2019-09-01,Manhattan,1386619.0,0
1222,2019-09-02,Manhattan,1215391.0,0
1227,2019-09-03,Manhattan,2824243.0,0
1232,2019-09-04,Manhattan,3083316.0,0
1237,2019-09-05,Manhattan,3206847.0,0
1242,2019-09-06,Manhattan,3193175.0,0
1247,2019-09-07,Manhattan,1820557.0,1
1252,2019-09-08,Manhattan,1490376.0,0
1257,2019-09-09,Manhattan,3018405.0,0
1262,2019-09-10,Manhattan,3257970.0,1
1267,2019-09-11,Manhattan,3305411.0,0
1272,2019-09-12,Manhattan,3337073.0,1
1277,2019-09-13,Manhattan,3258065.0,0
1282,2019-09-14,Manhattan,1841430.0,1
1287,2019-09-15,Manhattan,1496416.0,1
1292,2019-09-16,Manhattan,3034079.0,1
1297,2019-09-17,Manhattan,3276510.0,0
1302,2019-09-18,Manhattan,3342539.0,1
1307,2019-09-19,Manhattan,3357136.0,0
1312,2019-09-20,Manhattan,3350107.0,0
1317,2019-09-21,Manhattan,1925249.0,0
1322,2019-09-22,Manhattan,1538468.0,0
1327,2019-09-23,Manhattan,3086188.0,3
1332,2019-09-24,Manhattan,3342661.0,0
1337,2019-09-25,Manhattan,3402964.0,0
1342,2019-09-26,Manhattan,3419763.0,1
1347,2019-09-27,Manhattan,3286354.0,0
1352,2019-09-28,Manhattan,1863965.0,0
1357,2019-09-29,Manhattan,1473816.0,0
1362,2019-09-30,Manhattan,2627721.0,2
1367,2019-10-01,Manhattan,2913235.0,0
1372,2019-10-02,Manhattan,3309446.0,0
1377,2019-10-03,Manhattan,3398059.0,1
1382,2019-10-04,Manhattan,3358205.0,0
1387,2019-10-05,Manhattan,1962699.0,1
1392,2019-10-06,Manhattan,1549056.0,1
1397,2019-10-07,Manhattan,3075201.0,0
1402,2019-10-08,Manhattan,3209656.0,0
1407,2019-10-09,Manhattan,2836421.0,0
1412,2019-10-10,Manhattan,3323288.0,0
1417,2019-10-11,Manhattan,3304864.0,1
1422,2019-10-12,Manhattan,1920827.0,2
1427,2019-10-13,Manhattan,1592172.0,1
1432,2019-10-14,Manhattan,2401728.0,0
1437,2019-10-15,Manhattan,3220942.0,0
1442,2019-10-16,Manhattan,3374558.0,0
1447,2019-10-17,Manhattan,3400002.0,0
1452,2019-10-18,Manhattan,3376187.0,2
1457,2019-10-19,Manhattan,1990355.0,0
1462,2019-10-20,Manhattan,1518983.0,0
1467,2019-10-21,Manhattan,3019738.0,1
1472,2019-10-22,Manhattan,3265473.0,0
1477,2019-10-23,Manhattan,3374152.0,1
1482,2019-10-24,Manhattan,3429450.0,0
1487,2019-10-25,Manhattan,3331750.0,0
1492,2019-10-26,Manhattan,1983378.0,0
1497,2019-10-27,Manhattan,1388750.0,0
1502,2019-10-28,Manhattan,3072164.0,1
1507,2019-10-29,Manhattan,3361628.0,0
1512,2019-10-30,Manhattan,3387257.0,0
1517,2019-10-31,Manhattan,3269651.0,0
1522,2019-11-01,Manhattan,3374559.0,0
1527,2019-11-02,Manhattan,2004150.0,1
1532,2019-11-03,Manhattan,1696096.0,0
1537,2019-11-04,Manhattan,3047426.0,0
1542,2019-11-05,Manhattan,3141276.0,0
1547,2019-11-06,Manhattan,3336534.0,0
1552,2019-11-07,Manhattan,3397108.0,0
1557,2019-11-08,Manhattan,3323253.0,0
1562,2019-11-09,Manhattan,2006529.0,0
1567,2019-11-10,Manhattan,1579736.0,4
1572,2019-11-11,Manhattan,2606960.0,0
1577,2019-11-12,Manhattan,3217207.0,0
1582,2019-11-13,Manhattan,3273718.0,0
1587,2019-11-14,Manhattan,3323183.0,3
1592,2019-11-15,Manhattan,3294690.0,0
1597,2019-11-16,Manhattan,2014935.0,0
1602,2019-11-17,Manhattan,1518779.0,1
1607,2019-11-18,Manhattan,2925327.0,0
1612,2019-11-19,Manhattan,3232486.0,0
1617,2019-11-20,Manhattan,3326190.0,0
1622,2019-11-21,Manhattan,3338288.0,0
1627,2019-11-22,Manhattan,3295888.0,0
1632,2019-11-23,Manhattan,1939874.0,0
1637,2019-11-24,Manhattan,1399177.0,0
1642,2019-11-25,Manhattan,2954933.0,0
1647,2019-11-26,Manhattan,3252173.0,0
1652,2019-11-27,Manhattan,3002035.0,0
1657,2019-11-28,Manhattan,1336010.0,0
1662,2019-11-29,Manhattan,1749072.0,0
1667,2019-11-30,Manhattan,1628512.0,0
1672,2019-12-01,Manhattan,1299679.0,0
1677,2019-12-02,Manhattan,2740044.0,0
1682,2019-12-03,Manhattan,3170795.0,0
1687,2019-12-04,Manhattan,3345778.0,0
1692,2019-12-05,Manhattan,3431595.0,0
1697,2019-12-06,Manhattan,3399640.0,0
1702,2019-12-07,Manhattan,2201749.0,0
1707,2019-12-08,Manhattan,1717338.0,0
1712,2019-12-09,Manhattan,3019426.0,0
1717,2019-12-10,Manhattan,3282340.0,0
1722,2019-12-11,Manhattan,3382812.0,0
1727,2019-12-12,Manhattan,3442870.0,0
1732,2019-12-13,Manhattan,3442854.0,0
1737,2019-12-14,Manhattan,2159793.0,0
1742,2019-12-15,Manhattan,1781989.0,1
1747,2019-12-16,Manhattan,3026311.0,1
1752,2019-12-17,Manhattan,3248324.0,0
1757,2019-12-18,Manhattan,3376424.0,1
1762,2019-12-19,Manhattan,3305367.0,1
1767,2019-12-20,Manhattan,3197284.0,0
1772,2019-12-21,Manhattan,1946338.0,0
1777,2019-12-22,Manhattan,1610218.0,0
1782,2019-12-23,Manhattan,2532666.0,0
1787,2019-12-24,Manhattan,2115509.0,0
1792,2019-12-25,Manhattan,1010368.0,0
1797,2019-12-26,Manhattan,2009667.0,0
1802,2019-12-27,Manhattan,2372557.0,0
1807,2019-12-28,Manhattan,1836732.0,1
1812,2019-12-29,Manhattan,1577451.0,0
1817,2019-12-30,Manhattan,2355944.0,0
1822,2019-12-31,Manhattan,2255999.0,1
3,2019-01-01,Queens,318319.0,0
8,2019-01-02,Queens,715476.0,0
13,2019-01-03,Queens,762842.0,0
18,2019-01-04,Queens,752583.0,0
23,2019-01-05,Queens,409413.0,1
28,2019-01-06,Queens,334257.0,0
33,2019-01-07,Queens,742866.0,1
38,2019-01-08,Queens,765759.0,0
43,2019-01-09,Queens,779309.0,0
48,2019-01-10,Queens,773265.0,0
53,2019-01-11,Queens,755138.0,0
58,2019-01-12,Queens,409268.0,1
63,2019-01-13,Queens,323942.0,2
68,2019-01-14,Queens,731837.0,0
73,2019-01-15,Queens,770359.0,0
78,2019-01-16,Queens,775980.0,0
83,2019-01-17,Queens,781284.0,0
88,2019-01-18,Queens,750095.0,0
93,2019-01-19,Queens,412736.0,2
98,2019-01-20,Queens,286222.0,0
103,2019-01-21,Queens,383216.0,0
108,2019-01-22,Queens,706082.0,0
113,2019-01-23,Queens,750985.0,0
118,2019-01-24,Queens,720035.0,0
123,2019-01-25,Queens,743474.0,1
128,2019-01-26,Queens,446032.0,0
133,2019-01-27,Queens,327352.0,2
138,2019-01-28,Queens,744643.0,0
143,2019-01-29,Queens,785719.0,0
148,2019-01-30,Queens,759531.0,0
153,2019-01-31,Queens,669752.0,1
158,2019-02-01,Queens,729881.0,0
163,2019-02-02,Queens,430573.0,2
168,2019-02-03,Queens,330545.0,2
173,2019-02-04,Queens,761180.0,0
178,2019-02-05,Queens,745184.0,1
183,2019-02-06,Queens,801700.0,0
188,2019-02-07,Queens,803218.0,0
193,2019-02-08,Queens,778247.0,0
198,2019-02-09,Queens,448609.0,0
203,2019-02-10,Queens,330668.0,0
208,2019-02-11,Queens,768777.0,0
213,2019-02-12,Queens,705848.0,5
218,2019-02-13,Queens,791074.0,0
223,2019-02-14,Queens,813972.0,0
228,2019-02-15,Queens,785188.0,0
233,2019-02-16,Queens,441752.0,0
238,2019-02-17,Queens,341854.0,1
243,2019-02-18,Queens,471969.0,0
248,2019-02-19,Queens,732289.0,0
253,2019-02-20,Queens,708061.0,0
258,2019-02-21,Queens,742383.0,0
263,2019-02-22,Queens,735096.0,3
268,2019-02-23,Queens,432947.0,0
273,2019-02-24,Queens,315517.0,0
278,2019-02-25,Queens,751571.0,1
283,2019-02-26,Queens,787601.0,1
288,2019-02-27,Queens,788542.0,0
293,2019-02-28,Queens,801708.0,0
298,2019-03-01,Queens,781986.0,0
303,2019-03-02,Queens,433909.0,1
308,2019-03-03,Queens,351646.0,0
313,2019-03-04,Queens,605875.0,0
318,2019-03-05,Queens,803997.0,1
323,2019-03-06,Queens,798847.0,0
328,2019-03-07,Queens,806315.0,0
333,2019-03-08,Queens,802425.0,0
338,2019-03-09,Queens,466320.0,3
343,2019-03-10,Queens,330154.0,0
348,2019-03-11,Queens,793668.0,0
353,2019-03-12,Queens,819940.0,0
358,2019-03-13,Queens,823956.0,0
363,2019-03-14,Queens,820591.0,0
368,2019-03-15,Queens,800666.0,1
373,2019-03-16,Queens,472507.0,1
378,2019-03-17,Queens,343930.0,0
383,2019-03-18,Queens,783773.0,0
388,2019-03-19,Queens,814925.0,0
393,2019-03-20,Queens,823155.0,1
398,2019-03-21,Queens,797925.0,0
403,2019-03-22,Queens,745668.0,0
408,2019-03-23,Queens,474743.0,1
413,2019-03-24,Queens,343976.0,0
418,2019-03-25,Queens,782112.0,0
423,2019-03-26,Queens,814529.0,0
428,2019-03-27,Queens,817588.0,0
433,2019-03-28,Queens,827075.0,1
438,2019-03-29,Queens,800303.0,0
443,2019-03-30,Queens,466759.0,2
448,2019-03-31,Queens,330464.0,0
453,2019-04-01,Queens,789857.0,0
458,2019-04-02,Queens,821336.0,0
463,2019-04-03,Queens,830803.0,0
468,2019-04-04,Queens,849015.0,1
473,2019-04-05,Queens,801976.0,0
478,2019-04-06,Queens,491586.0,0
483,2019-04-07,Queens,385422.0,3
488,2019-04-08,Queens,798938.0,1
493,2019-04-09,Queens,823507.0,1
498,2019-04-10,Queens,839016.0,0
503,2019-04-11,Queens,838010.0,0
508,2019-04-12,Queens,811444.0,0
513,2019-04-13,Queens,461001.0,2
518,2019-04-14,Queens,345276.0,0
523,2019-04-15,Queens,783521.0,2
528,2019-04-16,Queens,831746.0,3
533,2019-04-17,Queens,835143.0,0
538,2019-04-18,Queens,819044.0,1
543,2019-04-19,Queens,670011.0,3
548,2019-04-20,Queens,412398.0,0
553,2019-04-21,Queens,324009.0,0
558,2019-04-22,Queens,687501.0,1
563,2019-04-23,Queens,761701.0,0
568,2019-04-24,Queens,764652.0,0
573,2019-04-25,Queens,763977.0,0
578,2019-04-26,Queens,700668.0,0
583,2019-04-27,Queens,463387.0,0
588,2019-04-28,Queens,365742.0,0
593,2019-04-29,Queens,792060.0,0
598,2019-04-30,Queens,824782.0,0
603,2019-05-01,Queens,824659.0,0
608,2019-05-02,Queens,830266.0,0
613,2019-05-03,Queens,796855.0,0
618,2019-05-04,Queens,494120.0,0
623,2019-05-05,Queens,328972.0,0
628,2019-05-06,Queens,799024.0,0
633,2019-05-07,Queens,831131.0,0
638,2019-05-08,Queens,833159.0,0
643,2019-05-09,Queens,845593.0,0
648,2019-05-10,Queens,819794.0,0
653,2019-05-11,Queens,485460.0,0
658,2019-05-12,Queens,318751.0,0
663,2019-05-13,Queens,764326.0,0
668,2019-05-14,Queens,816848.0,0
673,2019-05-15,Queens,835124.0,0
678,2019-05-16,Queens,841883.0,0
683,2019-05-17,Queens,811703.0,0
688,2019-05-18,Queens,491928.0,0
693,2019-05-19,Queens,369032.0,1
698,2019-05-20,Queens,800355.0,1
703,2019-05-21,Queens,844809.0,0
708,2019-05-22,Queens,847269.0,0
713,2019-05-23,Queens,828909.0,0
718,2019-05-24,Queens,808618.0,0
723,2019-05-25,Queens,479195.0,1
728,2019-05-26,Queens,396868.0,0
733,2019-05-27,Queens,395560.0,2
738,2019-05-28,Queens,792583.0,0
743,2019-05-29,Queens,814532.0,0
748,2019-05-30,Queens,809744.0,0
753,2019-05-31,Queens,812349.0,0
758,2019-06-01,Queens,466312.0,2
763,2019-06-02,Queens,370042.0,0
768,2019-06-03,Queens,791860.0,0
773,2019-06-04,Queens,770777.0,0
778,2019-06-05,Queens,823607.0,1
783,2019-06-06,Queens,817315.0,0
788,2019-06-07,Queens,817772.0,0
793,2019-06-08,Queens,494405.0,0
798,2019-06-09,Queens,392596.0,1
803,2019-06-10,Queens,758512.0,0
808,2019-06-11,Queens,813657.0,0
813,2019-06-12,Queens,837455.0,0
818,2019-06-13,Queens,810108.0,0
823,2019-06-14,Queens,823718.0,0
828,2019-06-15,Queens,512468.0,0
833,2019-06-16,Queens,384952.0,0
838,2019-06-17,Queens,787927.0,0
843,2019-06-18,Queens,792499.0,0
848,2019-06-19,Queens,808841.0,0
853,2019-06-20,Queens,806533.0,0
858,2019-06-21,Queens,790541.0,0
863,2019-06-22,Queens,489665.0,0
868,2019-06-23,Queens,400811.0,0
873,2019-06-24,Queens,794196.0,0
878,2019-06-25,Queens,788260.0,2
883,2019-06-26,Queens,831366.0,1
888,2019-06-27,Queens,799646.0,1
893,2019-06-28,Queens,780703.0,1
898,2019-06-29,Queens,488865.0,0
903,2019-06-30,Queens,426151.0,1
908,2019-07-01,Queens,766065.0,0
913,2019-07-02,Queens,781944.0,0
918,2019-07-03,Queens,786807.0,6
923,2019-07-04,Queens,436561.0,0
928,2019-07-05,Queens,616058.0,1
933,2019-07-06,Queens,428557.0,0
938,2019-07-07,Queens,377012.0,1
943,2019-07-08,Queens,753106.0,0
948,2019-07-09,Queens,793035.0,1
953,2019-07-10,Queens,793543.0,0
958,2019-07-11,Queens,787129.0,0
963,2019-07-12,Queens,765448.0,3
968,2019-07-13,Queens,475629.0,0
973,2019-07-14,Queens,363024.0,0
978,2019-07-15,Queens,758176.0,0
983,2019-07-16,Queens,785585.0,0
988,2019-07-17,Queens,760450.0,1
993,2019-07-18,Queens,757086.0,0
998,2019-07-19,Queens,712204.0,0
1003,2019-07-20,Queens,467586.0,1
1008,2019-07-21,Queens,330922.0,0
1013,2019-07-22,Queens,727713.0,0
1018,2019-07-23,Queens,743318.0,0
1023,2019-07-24,Queens,794800.0,1
1028,2019-07-25,Queens,810720.0,4
1033,2019-07-26,Queens,761914.0,0
1038,2019-07-27,Queens,477943.0,0
1043,2019-07-28,Queens,389166.0,1
1048,2019-07-29,Queens,744108.0,0
1053,2019-07-30,Queens,766054.0,1
1058,2019-07-31,Queens,759587.0,1
1063,2019-08-01,Queens,776174.0,0
1068,2019-08-02,Queens,755659.0,0
1073,2019-08-03,Queens,469740.0,0
1078,2019-08-04,Queens,381022.0,0
1083,2019-08-05,Queens,749724.0,1
1088,2019-08-06,Queens,769770.0,0
1093,2019-08-07,Queens,761657.0,0
1098,2019-08-08,Queens,770929.0,0
1103,2019-08-09,Queens,755916.0,0
1108,2019-08-10,Queens,469361.0,1
1113,2019-08-11,Queens,392819.0,1
1118,2019-08-12,Queens,721429.0,0
1123,2019-08-13,Queens,742299.0,1
1128,2019-08-14,Queens,748092.0,0
1133,2019-08-15,Queens,765591.0,0
1138,2019-08-16,Queens,736930.0,0
1143,2019-08-17,Queens,463839.0,0
1148,2019-08-18,Queens,374306.0,0
1153,2019-08-19,Queens,708094.0,0
1158,2019-08-20,Queens,743014.0,2
1163,2019-08-21,Queens,715678.0,0
1168,2019-08-22,Queens,702827.0,1
1173,2019-08-23,Queens,678970.0,1
1178,2019-08-24,Queens,581993.0,1
1183,2019-08-25,Queens,389168.0,3
1188,2019-08-26,Queens,725500.0,2
1193,2019-08-27,Queens,782320.0,1
1198,2019-08-28,Queens,788503.0,0
1203,2019-08-29,Queens,799083.0,2
1208,2019-08-30,Queens,764803.0,3
1213,2019-08-31,Queens,505674.0,1
1218,2019-09-01,Queens,408881.0,1
1223,2019-09-02,Queens,373303.0,4
1228,2019-09-03,Queens,786215.0,0
1233,2019-09-04,Queens,808531.0,0
1238,2019-09-05,Queens,839064.0,0
1243,2019-09-06,Queens,822233.0,0
1248,2019-09-07,Queens,500619.0,0
1253,2019-09-08,Queens,402977.0,1
1258,2019-09-09,Queens,824922.0,0
1263,2019-09-10,Queens,853770.0,0
1268,2019-09-11,Queens,860870.0,1
1273,2019-09-12,Queens,863235.0,0
1278,2019-09-13,Queens,844829.0,0
1283,2019-09-14,Queens,503230.0,0
1288,2019-09-15,Queens,406195.0,0
1293,2019-09-16,Queens,832448.0,0
1298,2019-09-17,Queens,860811.0,1
1303,2019-09-18,Queens,871830.0,0
1308,2019-09-19,Queens,869524.0,0
1313,2019-09-20,Queens,854712.0,0
1318,2019-09-21,Queens,501486.0,1
1323,2019-09-22,Queens,393166.0,2
1328,2019-09-23,Queens,835140.0,0
1333,2019-09-24,Queens,872915.0,0
1338,2019-09-25,Queens,872258.0,0
1343,2019-09-26,Queens,876644.0,0
1348,2019-09-27,Queens,853473.0,5
1353,2019-09-28,Queens,504888.0,0
1358,2019-09-29,Queens,396237.0,0
1363,2019-09-30,Queens,712463.0,0
1368,2019-10-01,Queens,749061.0,1
1373,2019-10-02,Queens,855353.0,0
1378,2019-10-03,Queens,851208.0,0
1383,2019-10-04,Queens,857178.0,0
1388,2019-10-05,Queens,493408.0,0
1393,2019-10-06,Queens,371085.0,0
1398,2019-10-07,Queens,831797.0,0
1403,2019-10-08,Queens,824312.0,0
1408,2019-10-09,Queens,704686.0,2
1413,2019-10-10,Queens,859503.0,0
1418,2019-10-11,Queens,844254.0,1
1423,2019-10-12,Queens,485351.0,0
1428,2019-10-13,Queens,390914.0,0
1433,2019-10-14,Queens,610887.0,0
1438,2019-10-15,Queens,827761.0,0
1443,2019-10-16,Queens,815442.0,0
1448,2019-10-17,Queens,862795.0,1
1453,2019-10-18,Queens,830615.0,0
1458,2019-10-19,Queens,509586.0,1
1463,2019-10-20,Queens,348451.0,0
1468,2019-10-21,Queens,812680.0,0
1473,2019-10-22,Queens,834654.0,1
1478,2019-10-23,Queens,860702.0,1
1483,2019-10-24,Queens,877787.0,0
1488,2019-10-25,Queens,835355.0,1
1493,2019-10-26,Queens,493136.0,1
1498,2019-10-27,Queens,319408.0,0
1503,2019-10-28,Queens,817944.0,1
1508,2019-10-29,Queens,846087.0,1
1513,2019-10-30,Queens,853554.0,0
1518,2019-10-31,Queens,823672.0,0
1523,2019-11-01,Queens,834203.0,0
1528,2019-11-02,Queens,476372.0,0
1533,2019-11-03,Queens,390945.0,1
1538,2019-11-04,Queens,819831.0,1
1543,2019-11-05,Queens,783988.0,1
1548,2019-11-06,Queens,859740.0,0
1553,2019-11-07,Queens,857239.0,0
1558,2019-11-08,Queens,834187.0,0
1563,2019-11-09,Queens,462752.0,0
1568,2019-11-10,Queens,355126.0,0
1573,2019-11-11,Queens,672809.0,0
1578,2019-11-12,Queens,821658.0,0
1583,2019-11-13,Queens,818216.0,0
1588,2019-11-14,Queens,839324.0,0
1593,2019-11-15,Queens,832967.0,0
1598,2019-11-16,Queens,486514.0,0
1603,2019-11-17,Queens,370254.0,0
1608,2019-11-18,Queens,787370.0,0
1613,2019-11-19,Queens,842735.0,0
1618,2019-11-20,Queens,845347.0,0
1623,2019-11-21,Queens,853296.0,0
1628,2019-11-22,Queens,830562.0,0
1633,2019-11-23,Queens,489040.0,0
1638,2019-11-24,Queens,352759.0,0
1643,2019-11-25,Queens,807851.0,1
1648,2019-11-26,Queens,846124.0,0
1653,2019-11-27,Queens,812868.0,1
1658,2019-11-28,Queens,358979.0,0
1663,2019-11-29,Queens,526971.0,0
1668,2019-11-30,Queens,438379.0,0
1673,2019-12-01,Queens,326457.0,1
1678,2019-12-02,Queens,748695.0,0
1683,2019-12-03,Queens,824097.0,0
1688,2019-12-04,Queens,847546.0,1
1693,2019-12-05,Queens,856505.0,0
1698,2019-12-06,Queens,835156.0,0
1703,2019-12-07,Queens,480419.0,1
1708,2019-12-08,Queens,368040.0,0
1713,2019-12-09,Queens,775906.0,0
1718,2019-12-10,Queens,828570.0,0
1723,2019-12-11,Queens,829093.0,0
1728,2019-12-12,Queens,840867.0,0
1733,2019-12-13,Queens,811914.0,0
1738,2019-12-14,Queens,486680.0,0
1743,2019-12-15,Queens,402822.0,0
1748,2019-12-16,Queens,797834.0,0
1753,2019-12-17,Queens,791002.0,0
1758,2019-12-18,Queens,821735.0,1
1763,2019-12-19,Queens,783235.0,1
1768,2019-12-20,Queens,789877.0,0
1773,2019-12-21,Queens,484036.0,0
1778,2019-12-22,Queens,397761.0,0
1783,2019-12-23,Queens,704421.0,1
1788,2019-12-24,Queens,601005.0,0
1793,2019-12-25,Queens,287440.0,0
1798,2019-12-26,Queens,596864.0,1
1803,2019-12-27,Queens,653682.0,1
1808,2019-12-28,Queens,473044.0,0
1813,2019-12-29,Queens,381496.0,0
1818,2019-12-30,Queens,623049.0,0
1823,2019-12-31,Queens,608568.0,0
4,2019-01-01,Staten Island,3701.0,0
9,2019-01-02,Staten Island,14197.0,0
14,2019-01-03,Staten Island,15723.0,1
19,2019-01-04,Staten Island,14843.0,0
24,2019-01-05,Staten Island,5093.0,1
29,2019-01-06,Staten Island,3405.0,0
34,2019-01-07,Staten Island,14324.0,0
39,2019-01-08,Staten Island,15453.0,0
44,2019-01-09,Staten Island,15489.0,0
49,2019-01-10,Staten Island,15347.0,0
54,2019-01-11,Staten Island,14436.0,0
59,2019-01-12,Staten Island,1798.0,0
64,2019-01-13,Staten Island,66.0,0
69,2019-01-14,Staten Island,13640.0,0
74,2019-01-15,Staten Island,15980.0,0
79,2019-01-16,Staten Island,15474.0,0
84,2019-01-17,Staten Island,15243.0,0
89,2019-01-18,Staten Island,13829.0,0
94,2019-01-19,Staten Island,4816.0,0
99,2019-01-20,Staten Island,2782.0,0
104,2019-01-21,Staten Island,4654.0,0
109,2019-01-22,Staten Island,13373.0,0
114,2019-01-23,Staten Island,14956.0,0
119,2019-01-24,Staten Island,14345.0,0
124,2019-01-25,Staten Island,14153.0,0
129,2019-01-26,Staten Island,5310.0,0
134,2019-01-27,Staten Island,3267.0,0
139,2019-01-28,Staten Island,14301.0,0
144,2019-01-29,Staten Island,15553.0,0
149,2019-01-30,Staten Island,15616.0,0
154,2019-01-31,Staten Island,12876.0,0
159,2019-02-01,Staten Island,13744.0,0
164,2019-02-02,Staten Island,1815.0,0
169,2019-02-03,Staten Island,53.0,0
174,2019-02-04,Staten Island,13505.0,0
179,2019-02-05,Staten Island,14948.0,0
184,2019-02-06,Staten Island,16095.0,0
189,2019-02-07,Staten Island,15757.0,0
194,2019-02-08,Staten Island,14651.0,0
199,2019-02-09,Staten Island,5336.0,0
204,2019-02-10,Staten Island,3035.0,0
209,2019-02-11,Staten Island,14591.0,0
214,2019-02-12,Staten Island,13629.0,0
219,2019-02-13,Staten Island,15022.0,0
224,2019-02-14,Staten Island,15916.0,0
229,2019-02-15,Staten Island,14298.0,0
234,2019-02-16,Staten Island,4436.0,0
239,2019-02-17,Staten Island,2540.0,0
244,2019-02-18,Staten Island,4812.0,0
249,2019-02-19,Staten Island,13491.0,0
254,2019-02-20,Staten Island,14210.0,0
259,2019-02-21,Staten Island,14208.0,0
264,2019-02-22,Staten Island,13638.0,0
269,2019-02-23,Staten Island,4406.0,0
274,2019-02-24,Staten Island,2361.0,0
279,2019-02-25,Staten Island,14024.0,0
284,2019-02-26,Staten Island,15320.0,0
289,2019-02-27,Staten Island,15648.0,0
294,2019-02-28,Staten Island,15473.0,0
299,2019-03-01,Staten Island,14583.0,0
304,2019-03-02,Staten Island,3995.0,0
309,2019-03-03,Staten Island,2449.0,0
314,2019-03-04,Staten Island,9775.0,0
319,2019-03-05,Staten Island,15250.0,0
324,2019-03-06,Staten Island,15370.0,0
329,2019-03-07,Staten Island,15778.0,0
334,2019-03-08,Staten Island,14141.0,0
339,2019-03-09,Staten Island,5522.0,0
344,2019-03-10,Staten Island,3126.0,0
349,2019-03-11,Staten Island,14891.0,0
354,2019-03-12,Staten Island,16041.0,0
359,2019-03-13,Staten Island,15739.0,1
364,2019-03-14,Staten Island,15567.0,0
369,2019-03-15,Staten Island,14866.0,0
374,2019-03-16,Staten Island,6363.0,0
379,2019-03-17,Staten Island,3633.0,0
384,2019-03-18,Staten Island,14656.0,0
389,2019-03-19,Staten Island,16020.0,0
394,2019-03-20,Staten Island,15895.0,0
399,2019-03-21,Staten Island,15297.0,0
404,2019-03-22,Staten Island,14049.0,0
409,2019-03-23,Staten Island,5000.0,0
414,2019-03-24,Staten Island,3655.0,0
419,2019-03-25,Staten Island,15059.0,0
424,2019-03-26,Staten Island,15852.0,0
429,2019-03-27,Staten Island,15713.0,0
434,2019-03-28,Staten Island,15785.0,0
439,2019-03-29,Staten Island,14486.0,0
444,2019-03-30,Staten Island,6084.0,0
449,2019-03-31,Staten Island,3540.0,0
454,2019-04-01,Staten Island,15043.0,0
459,2019-04-02,Staten Island,15952.0,0
464,2019-04-03,Staten Island,16056.0,0
469,2019-04-04,Staten Island,16057.0,0
474,2019-04-05,Staten Island,14591.0,0
479,2019-04-06,Staten Island,5561.0,0
484,2019-04-07,Staten Island,3841.0,0
489,2019-04-08,Staten Island,15010.0,1
494,2019-04-09,Staten Island,16190.0,0
499,2019-04-10,Staten Island,16048.0,0
504,2019-04-11,Staten Island,15920.0,0
509,2019-04-12,Staten Island,14565.0,0
514,2019-04-13,Staten Island,5646.0,0
519,2019-04-14,Staten Island,3701.0,0
524,2019-04-15,Staten Island,14844.0,0
529,2019-04-16,Staten Island,16186.0,0
534,2019-04-17,Staten Island,15909.0,0
539,2019-04-18,Staten Island,15266.0,0
544,2019-04-19,Staten Island,11670.0,0
549,2019-04-20,Staten Island,4699.0,0
554,2019-04-21,Staten Island,3695.0,0
559,2019-04-22,Staten Island,13016.0,0
564,2019-04-23,Staten Island,14951.0,1
569,2019-04-24,Staten Island,14814.0,0
574,2019-04-25,Staten Island,14742.0,0
579,2019-04-26,Staten Island,12069.0,0
584,2019-04-27,Staten Island,5131.0,0
589,2019-04-28,Staten Island,3605.0,0
594,2019-04-29,Staten Island,15170.0,0
599,2019-04-30,Staten Island,15221.0,0
604,2019-05-01,Staten Island,16095.0,0
609,2019-05-02,Staten Island,15980.0,0
614,2019-05-03,Staten Island,14843.0,1
619,2019-05-04,Staten Island,5126.0,0
624,2019-05-05,Staten Island,3964.0,0
629,2019-05-06,Staten Island,15134.0,0
634,2019-05-07,Staten Island,15874.0,0
639,2019-05-08,Staten Island,15953.0,0
644,2019-05-09,Staten Island,15883.0,0
649,2019-05-10,Staten Island,14381.0,0
654,2019-05-11,Staten Island,5575.0,0
659,2019-05-12,Staten Island,3160.0,0
664,2019-05-13,Staten Island,14597.0,0
669,2019-05-14,Staten Island,15821.0,0
674,2019-05-15,Staten Island,15938.0,0
679,2019-05-16,Staten Island,16521.0,0
684,2019-05-17,Staten Island,14985.0,0
689,2019-05-18,Staten Island,6401.0,0
694,2019-05-19,Staten Island,4659.0,0
699,2019-05-20,Staten Island,15228.0,0
704,2019-05-21,Staten Island,16047.0,0
709,2019-05-22,Staten Island,16332.0,0
714,2019-05-23,Staten Island,15187.0,0
719,2019-05-24,Staten Island,14227.0,0
724,2019-05-25,Staten Island,6367.0,0
729,2019-05-26,Staten Island,4772.0,0
734,2019-05-27,Staten Island,4874.0,0
739,2019-05-28,Staten Island,14809.0,0
744,2019-05-29,Staten Island,15677.0,0
749,2019-05-30,Staten Island,15229.0,0
754,2019-05-31,Staten Island,14767.0,0
759,2019-06-01,Staten Island,6099.0,0
764,2019-06-02,Staten Island,4319.0,0
769,2019-06-03,Staten Island,15186.0,0
774,2019-06-04,Staten Island,15415.0,0
779,2019-06-05,Staten Island,16057.0,0
784,2019-06-06,Staten Island,15452.0,0
789,2019-06-07,Staten Island,14713.0,0
794,2019-06-08,Staten Island,6032.0,1
799,2019-06-09,Staten Island,4440.0,0
804,2019-06-10,Staten Island,14673.0,0
809,2019-06-11,Staten Island,15888.0,0
814,2019-06-12,Staten Island,16230.0,1
819,2019-06-13,Staten Island,15429.0,0
824,2019-06-14,Staten Island,14863.0,0
829,2019-06-15,Staten Island,6428.0,0
834,2019-06-16,Staten Island,4120.0,0
839,2019-06-17,Staten Island,14662.0,0
844,2019-06-18,Staten Island,15176.0,0
849,2019-06-19,Staten Island,11867.0,0
854,2019-06-20,Staten Island,18144.0,0
859,2019-06-21,Staten Island,14065.0,0
864,2019-06-22,Staten Island,1460.0,0
869,2019-06-23,Staten Island,244.0,0
874,2019-06-24,Staten Island,14355.0,0
879,2019-06-25,Staten Island,14857.0,0
884,2019-06-26,Staten Island,15673.0,0
889,2019-06-27,Staten Island,15501.0,0
894,2019-06-28,Staten Island,13976.0,0
899,2019-06-29,Staten Island,1428.0,0
904,2019-06-30,Staten Island,476.0,1
909,2019-07-01,Staten Island,14096.0,0
914,2019-07-02,Staten Island,14839.0,0
919,2019-07-03,Staten Island,14820.0,0
924,2019-07-04,Staten Island,5513.0,0
929,2019-07-05,Staten Island,9853.0,0
934,2019-07-06,Staten Island,4796.0,0
939,2019-07-07,Staten Island,3938.0,1
944,2019-07-08,Staten Island,13965.0,0
949,2019-07-09,Staten Island,14970.0,0
954,2019-07-10,Staten Island,15921.0,0
959,2019-07-11,Staten Island,14790.0,0
964,2019-07-12,Staten Island,13333.0,0
969,2019-07-13,Staten Island,1407.0,0
974,2019-07-14,Staten Island,1056.0,0
979,2019-07-15,Staten Island,14024.0,0
984,2019-07-16,Staten Island,15131.0,0
989,2019-07-17,Staten Island,14880.0,0
994,2019-07-18,Staten Island,14393.0,0
999,2019-07-19,Staten Island,12532.0,0
1004,2019-07-20,Staten Island,4444.0,0
1009,2019-07-21,Staten Island,3141.0,0
1014,2019-07-22,Staten Island,13799.0,0
1019,2019-07-23,Staten Island,13968.0,0
1024,2019-07-24,Staten Island,15061.0,0
1029,2019-07-25,Staten Island,15070.0,0
1034,2019-07-26,Staten Island,13474.0,0
1039,2019-07-27,Staten Island,5580.0,0
1044,2019-07-28,Staten Island,4151.0,0
1049,2019-07-29,Staten Island,13546.0,0
1054,2019-07-30,Staten Island,14475.0,0
1059,2019-07-31,Staten Island,14292.0,0
1064,2019-08-01,Staten Island,14583.0,0
1069,2019-08-02,Staten Island,13421.0,0
1074,2019-08-03,Staten Island,1416.0,0
1079,2019-08-04,Staten Island,65.0,0
1084,2019-08-05,Staten Island,13819.0,0
1089,2019-08-06,Staten Island,14712.0,1
1094,2019-08-07,Staten Island,14456.0,0
1099,2019-08-08,Staten Island,14023.0,1
1104,2019-08-09,Staten Island,13191.0,0
1109,2019-08-10,Staten Island,5139.0,0
1114,2019-08-11,Staten Island,4240.0,0
1119,2019-08-12,Staten Island,13551.0,0
1124,2019-08-13,Staten Island,13802.0,0
1129,2019-08-14,Staten Island,14197.0,0
1134,2019-08-15,Staten Island,14113.0,0
1139,2019-08-16,Staten Island,12932.0,0
1144,2019-08-17,Staten Island,5194.0,0
1149,2019-08-18,Staten Island,3919.0,0
1154,2019-08-19,Staten Island,12706.0,0
1159,2019-08-20,Staten Island,13606.0,0
1164,2019-08-21,Staten Island,13651.0,1
1169,2019-08-22,Staten Island,13306.0,0
1174,2019-08-23,Staten Island,12351.0,0
1179,2019-08-24,Staten Island,1299.0,0
1184,2019-08-25,Staten Island,58.0,0
1189,2019-08-26,Staten Island,12217.0,0
1194,2019-08-27,Staten Island,14243.0,0
1199,2019-08-28,Staten Island,14091.0,0
1204,2019-08-29,Staten Island,14237.0,0
1209,2019-08-30,Staten Island,12891.0,0
1214,2019-08-31,Staten Island,5334.0,0
1219,2019-09-01,Staten Island,4004.0,0
1224,2019-09-02,Staten Island,3776.0,1
1229,2019-09-03,Staten Island,14107.0,0
1234,2019-09-04,Staten Island,15114.0,0
1239,2019-09-05,Staten Island,15558.0,0
1244,2019-09-06,Staten Island,14531.0,0
1249,2019-09-07,Staten Island,1210.0,0
1254,2019-09-08,Staten Island,130.0,0
1259,2019-09-09,Staten Island,15145.0,0
1264,2019-09-10,Staten Island,16607.0,0
1269,2019-09-11,Staten Island,16194.0,0
1274,2019-09-12,Staten Island,16028.0,0
1279,2019-09-13,Staten Island,14927.0,0
1284,2019-09-14,Staten Island,1400.0,0
1289,2019-09-15,Staten Island,67.0,0
1294,2019-09-16,Staten Island,14516.0,0
1299,2019-09-17,Staten Island,16326.0,1
1304,2019-09-18,Staten Island,16509.0,0
1309,2019-09-19,Staten Island,16321.0,0
1314,2019-09-20,Staten Island,15844.0,0
1319,2019-09-21,Staten Island,1488.0,0
1324,2019-09-22,Staten Island,38.0,0
1329,2019-09-23,Staten Island,14624.0,0
1334,2019-09-24,Staten Island,16826.0,0
1339,2019-09-25,Staten Island,16888.0,0
1344,2019-09-26,Staten Island,16238.0,0
1349,2019-09-27,Staten Island,15705.0,0
1354,2019-09-28,Staten Island,1481.0,0
1359,2019-09-29,Staten Island,52.0,1
1364,2019-09-30,Staten Island,12546.0,0
1369,2019-10-01,Staten Island,14534.0,0
1374,2019-10-02,Staten Island,15623.0,0
1379,2019-10-03,Staten Island,16665.0,0
1384,2019-10-04,Staten Island,15201.0,0
1389,2019-10-05,Staten Island,1392.0,0
1394,2019-10-06,Staten Island,39.0,0
1399,2019-10-07,Staten Island,14452.0,0
1404,2019-10-08,Staten Island,15609.0,0
1409,2019-10-09,Staten Island,12846.0,0
1414,2019-10-10,Staten Island,15886.0,0
1419,2019-10-11,Staten Island,14907.0,0
1424,2019-10-12,Staten Island,1328.0,0
1429,2019-10-13,Staten Island,3862.0,0
1434,2019-10-14,Staten Island,9746.0,0
1439,2019-10-15,Staten Island,15918.0,0
1444,2019-10-16,Staten Island,15840.0,0
1449,2019-10-17,Staten Island,15818.0,0
1454,2019-10-18,Staten Island,15200.0,0
1459,2019-10-19,Staten Island,1447.0,0
1464,2019-10-20,Staten Island,11.0,0
1469,2019-10-21,Staten Island,14457.0,0
1474,2019-10-22,Staten Island,15753.0,0
1479,2019-10-23,Staten Island,15961.0,0
1484,2019-10-24,Staten Island,16189.0,1
1489,2019-10-25,Staten Island,14968.0,0
1494,2019-10-26,Staten Island,1300.0,0
1499,2019-10-27,Staten Island,11.0,0
1504,2019-10-28,Staten Island,14370.0,0
1509,2019-10-29,Staten Island,15897.0,0
1514,2019-10-30,Staten Island,15920.0,0
1519,2019-10-31,Staten Island,14760.0,0
1524,2019-11-01,Staten Island,14347.0,0
1529,2019-11-02,Staten Island,1307.0,1
1534,2019-11-03,Staten Island,11.0,0
1539,2019-11-04,Staten Island,14051.0,0
1544,2019-11-05,Staten Island,13617.0,0
1549,2019-11-06,Staten Island,16040.0,0
1554,2019-11-07,Staten Island,15796.0,0
1559,2019-11-08,Staten Island,14293.0,0
1564,2019-11-09,Staten Island,1738.0,0
1569,2019-11-10,Staten Island,16.0,0
1574,2019-11-11,Staten Island,9496.0,0
1579,2019-11-12,Staten Island,15027.0,0
1584,2019-11-13,Staten Island,15281.0,0
1589,2019-11-14,Staten Island,15745.0,0
1594,2019-11-15,Staten Island,14387.0,0
1599,2019-11-16,Staten Island,1559.0,0
1604,2019-11-17,Staten Island,12.0,0
1609,2019-11-18,Staten Island,13154.0,0
1614,2019-11-19,Staten Island,15702.0,0
1619,2019-11-20,Staten Island,15585.0,1
1624,2019-11-21,Staten Island,15888.0,0
1629,2019-11-22,Staten Island,14372.0,0
1634,2019-11-23,Staten Island,1749.0,0
1639,2019-11-24,Staten Island,14.0,0
1644,2019-11-25,Staten Island,13977.0,0
1649,2019-11-26,Staten Island,15696.0,0
1654,2019-11-27,Staten Island,15004.0,0
1659,2019-11-28,Staten Island,4375.0,0
1664,2019-11-29,Staten Island,6442.0,0
1669,2019-11-30,Staten Island,4072.0,0
1674,2019-12-01,Staten Island,2611.0,1
1679,2019-12-02,Staten Island,13436.0,0
1684,2019-12-03,Staten Island,15099.0,0
1689,2019-12-04,Staten Island,15398.0,0
1694,2019-12-05,Staten Island,15669.0,0
1699,2019-12-06,Staten Island,14460.0,0
1704,2019-12-07,Staten Island,1937.0,0
1709,2019-12-08,Staten Island,5.0,0
1714,2019-12-09,Staten Island,13022.0,0
1719,2019-12-10,Staten Island,15021.0,4
1724,2019-12-11,Staten Island,15051.0,0
1729,2019-12-12,Staten Island,15326.0,0
1734,2019-12-13,Staten Island,13963.0,0
1739,2019-12-14,Staten Island,4629.0,0
1744,2019-12-15,Staten Island,2956.0,0
1749,2019-12-16,Staten Island,13631.0,1
1754,2019-12-17,Staten Island,14251.0,0
1759,2019-12-18,Staten Island,15319.0,0
1764,2019-12-19,Staten Island,14088.0,0
1769,2019-12-20,Staten Island,13424.0,0
1774,2019-12-21,Staten Island,1842.0,0
1779,2019-12-22,Staten Island,11.0,0
1784,2019-12-23,Staten Island,10876.0,0
1789,2019-12-24,Staten Island,9379.0,0
1794,2019-12-25,Staten Island,2870.0,0
1799,2019-12-26,Staten Island,9308.0,0
1804,2019-12-27,Staten Island,10938.0,0
1809,2019-12-28,Staten Island,5300.0,1
1814,2019-12-29,Staten Island,3658.0,0
1819,2019-12-30,Staten Island,9658.0,0
1824,2019-12-31,Staten Island,9283.0,0
