,date,borough,entries
0,2019-01-01,Bk,532469.0
1,2019-01-01,Bx,172360.0
2,2019-01-01,M,1299404.0
3,2019-01-01,Q,318319.0
4,2019-01-01,SI,3701.0
5,2019-01-02,Bk,1074453.0
6,2019-01-02,Bx,398685.0
7,2019-01-02,M,2671293.0
8,2019-01-02,Q,715476.0
9,2019-01-02,SI,14197.0
10,2019-01-03,Bk,1151638.0
11,2019-01-03,Bx,426496.0
12,2019-01-03,M,2956724.0
13,2019-01-03,Q,762842.0
14,2019-01-03,SI,15723.0
15,2019-01-04,Bk,1141215.0
16,2019-01-04,Bx,436417.0
17,2019-01-04,M,2941568.0
18,2019-01-04,Q,752583.0
19,2019-01-04,SI,14843.0
20,2019-01-05,Bk,642298.0
21,2019-01-05,Bx,220773.0
22,2019-01-05,M,1588690.0
23,2019-01-05,Q,409413.0
24,2019-01-05,SI,5093.0
25,2019-01-06,Bk,549760.0
26,2019-01-06,Bx,182827.0
27,2019-01-06,M,1284363.0
28,2019-01-06,Q,334257.0
29,2019-01-06,SI,3405.0
30,2019-01-07,Bk,1125744.0
31,2019-01-07,Bx,419072.0
32,2019-01-07,M,2707081.0
33,2019-01-07,Q,742866.0
34,2019-01-07,SI,14324.0
35,2019-01-08,Bk,1167425.0
36,2019-01-08,Bx,429384.0
37,2019-01-08,M,2931457.0
38,2019-01-08,Q,765759.0
39,2019-01-08,SI,15453.0
40,2019-01-09,Bk,1192792.0
41,2019-01-09,Bx,441331.0
42,2019-01-09,M,3027410.0
43,2019-01-09,Q,779309.0
44,2019-01-09,SI,15489.0
45,2019-01-10,Bk,1190806.0
46,2019-01-10,Bx,438907.0
47,2019-01-10,M,3045365.0
48,2019-01-10,Q,773265.0
49,2019-01-10,SI,15347.0
50,2019-01-11,Bk,1160974.0
51,2019-01-11,Bx,431309.0
52,2019-01-11,M,2991418.0
53,2019-01-11,Q,755138.0
54,2019-01-11,SI,14436.0
55,2019-01-12,Bk,672731.0
56,2019-01-12,Bx,233138.0
57,2019-01-12,M,1678144.0
58,2019-01-12,Q,409268.0
59,2019-01-12,SI,1798.0
60,2019-01-13,Bk,522415.0
61,2019-01-13,Bx,178578.0
62,2019-01-13,M,1242988.0
63,2019-01-13,Q,323942.0
64,2019-01-13,SI,66.0
65,2019-01-14,Bk,1127977.0
66,2019-01-14,Bx,418182.0
67,2019-01-14,M,2703601.0
68,2019-01-14,Q,731837.0
69,2019-01-14,SI,13640.0
70,2019-01-15,Bk,1192050.0
71,2019-01-15,Bx,435669.0
72,2019-01-15,M,2985344.0
73,2019-01-15,Q,770359.0
74,2019-01-15,SI,15980.0
75,2019-01-16,Bk,1201054.0
76,2019-01-16,Bx,442365.0
77,2019-01-16,M,3062950.0
78,2019-01-16,Q,775980.0
79,2019-01-16,SI,15474.0
80,2019-01-17,Bk,1207109.0
81,2019-01-17,Bx,442302.0
82,2019-01-17,M,3084757.0
83,2019-01-17,Q,781284.0
84,2019-01-17,SI,15243.0
85,2019-01-18,Bk,1157811.0
86,2019-01-18,Bx,426059.0
87,2019-01-18,M,2924554.0
88,2019-01-18,Q,750095.0
89,2019-01-18,SI,13829.0
90,2019-01-19,Bk,648417.0
91,2019-01-19,Bx,233134.0
92,2019-01-19,M,1665389.0
93,2019-01-19,Q,412736.0
94,2019-01-19,SI,4816.0
95,2019-01-20,Bk,471249.0
96,2019-01-20,Bx,156771.0
97,2019-01-20,M,1135125.0
98,2019-01-20,Q,286222.0
99,2019-01-20,SI,2782.0
100,2019-01-21,Bk,565690.0
101,2019-01-21,Bx,205322.0
102,2019-01-21,M,1348039.0
103,2019-01-21,Q,383216.0
104,2019-01-21,SI,4654.0
105,2019-01-22,Bk,1079381.0
106,2019-01-22,Bx,395319.0
107,2019-01-22,M,2685865.0
108,2019-01-22,Q,706082.0
109,2019-01-22,SI,13373.0
110,2019-01-23,Bk,1160114.0
111,2019-01-23,Bx,427741.0
112,2019-01-23,M,3007776.0
113,2019-01-23,Q,750985.0
114,2019-01-23,SI,14956.0
115,2019-01-24,Bk,1131314.0
116,2019-01-24,Bx,403830.0
117,2019-01-24,M,2959921.0
118,2019-01-24,Q,720035.0
119,2019-01-24,SI,14345.0
120,2019-01-25,Bk,1158407.0
121,2019-01-25,Bx,430161.0
122,2019-01-25,M,3034523.0
123,2019-01-25,Q,743474.0
124,2019-01-25,SI,14153.0
125,2019-01-26,Bk,700842.0
126,2019-01-26,Bx,239989.0
127,2019-01-26,M,1786891.0
128,2019-01-26,Q,446032.0
129,2019-01-26,SI,5310.0
130,2019-01-27,Bk,555154.0
131,2019-01-27,Bx,182232.0
132,2019-01-27,M,1333482.0
133,2019-01-27,Q,327352.0
134,2019-01-27,SI,3267.0
135,2019-01-28,Bk,1130381.0
136,2019-01-28,Bx,418600.0
137,2019-01-28,M,2764791.0
138,2019-01-28,Q,744643.0
139,2019-01-28,SI,14301.0
140,2019-01-29,Bk,1223787.0
141,2019-01-29,Bx,443885.0
142,2019-01-29,M,3079141.0
143,2019-01-29,Q,785719.0
144,2019-01-29,SI,15553.0
145,2019-01-30,Bk,1196460.0
146,2019-01-30,Bx,431951.0
147,2019-01-30,M,3090530.0
148,2019-01-30,Q,759531.0
149,2019-01-30,SI,15616.0
150,2019-01-31,Bk,1045905.0
151,2019-01-31,Bx,365956.0
152,2019-01-31,M,2821240.0
153,2019-01-31,Q,669752.0
154,2019-01-31,SI,12876.0
155,2019-02-01,Bk,1143874.0
156,2019-02-01,Bx,412098.0
157,2019-02-01,M,2946832.0
158,2019-02-01,Q,729881.0
159,2019-02-01,SI,13744.0
160,2019-02-02,Bk,641071.0
161,2019-02-02,Bx,237815.0
162,2019-02-02,M,1720721.0
163,2019-02-02,Q,430573.0
164,2019-02-02,SI,1815.0
165,2019-02-03,Bk,525253.0
166,2019-02-03,Bx,184215.0
167,2019-02-03,M,1306160.0
168,2019-02-03,Q,330545.0
169,2019-02-03,SI,53.0
170,2019-02-04,Bk,1168776.0
171,2019-02-04,Bx,435952.0
172,2019-02-04,M,2814090.0
173,2019-02-04,Q,761180.0
174,2019-02-04,SI,13505.0
175,2019-02-05,Bk,1158736.0
176,2019-02-05,Bx,422704.0
177,2019-02-05,M,3005743.0
178,2019-02-05,Q,745184.0
179,2019-02-05,SI,14948.0
180,2019-02-06,Bk,1247722.0
181,2019-02-06,Bx,462187.0
182,2019-02-06,M,3210372.0
183,2019-02-06,Q,801700.0
184,2019-02-06,SI,16095.0
185,2019-02-07,Bk,1248911.0
186,2019-02-07,Bx,459714.0
187,2019-02-07,M,3186567.0
188,2019-02-07,Q,803218.0
189,2019-02-07,SI,15757.0
190,2019-02-08,Bk,1223782.0
191,2019-02-08,Bx,455215.0
192,2019-02-08,M,3177516.0
193,2019-02-08,Q,778247.0
194,2019-02-08,SI,14651.0
195,2019-02-09,Bk,671112.0
196,2019-02-09,Bx,243231.0
197,2019-02-09,M,1830641.0
198,2019-02-09,Q,448609.0
199,2019-02-09,SI,5336.0
200,2019-02-10,Bk,511734.0
201,2019-02-10,Bx,180680.0
202,2019-02-10,M,1361522.0
203,2019-02-10,Q,330668.0
204,2019-02-10,SI,3035.0
205,2019-02-11,Bk,1169900.0
206,2019-02-11,Bx,442437.0
207,2019-02-11,M,2815078.0
208,2019-02-11,Q,768777.0
209,2019-02-11,SI,14591.0
210,2019-02-12,Bk,1107522.0
211,2019-02-12,Bx,393483.0
212,2019-02-12,M,2849806.0
213,2019-02-12,Q,705848.0
214,2019-02-12,SI,13629.0
215,2019-02-13,Bk,1228665.0
216,2019-02-13,Bx,452810.0
217,2019-02-13,M,3111656.0
218,2019-02-13,Q,791074.0
219,2019-02-13,SI,15022.0
220,2019-02-14,Bk,1263640.0
221,2019-02-14,Bx,464718.0
222,2019-02-14,M,3250948.0
223,2019-02-14,Q,813972.0
224,2019-02-14,SI,15916.0
225,2019-02-15,Bk,1204269.0
226,2019-02-15,Bx,449174.0
227,2019-02-15,M,3036799.0
228,2019-02-15,Q,785188.0
229,2019-02-15,SI,14298.0
230,2019-02-16,Bk,673794.0
231,2019-02-16,Bx,247475.0
232,2019-02-16,M,1846345.0
233,2019-02-16,Q,441752.0
234,2019-02-16,SI,4436.0
235,2019-02-17,Bk,547898.0
236,2019-02-17,Bx,187176.0
237,2019-02-17,M,1434383.0
238,2019-02-17,Q,341854.0
239,2019-02-17,SI,2540.0
240,2019-02-18,Bk,683403.0
241,2019-02-18,Bx,256511.0
242,2019-02-18,M,1637007.0
243,2019-02-18,Q,471969.0
244,2019-02-18,SI,4812.0
245,2019-02-19,Bk,1084691.0
246,2019-02-19,Bx,402121.0
247,2019-02-19,M,2832850.0
248,2019-02-19,Q,732289.0
249,2019-02-19,SI,13491.0
250,2019-02-20,Bk,1079216.0
251,2019-02-20,Bx,390695.0
252,2019-02-20,M,2977322.0
253,2019-02-20,Q,708061.0
254,2019-02-20,SI,14210.0
255,2019-02-21,Bk,1135009.0
256,2019-02-21,Bx,405196.0
257,2019-02-21,M,3011308.0
258,2019-02-21,Q,742383.0
259,2019-02-21,SI,14208.0
260,2019-02-22,Bk,1120622.0
261,2019-02-22,Bx,404412.0
262,2019-02-22,M,3066590.0
263,2019-02-22,Q,735096.0
264,2019-02-22,SI,13638.0
265,2019-02-23,Bk,686901.0
266,2019-02-23,Bx,244933.0
267,2019-02-23,M,1777633.0
268,2019-02-23,Q,432947.0
269,2019-02-23,SI,4406.0
270,2019-02-24,Bk,509034.0
271,2019-02-24,Bx,176532.0
272,2019-02-24,M,1265059.0
273,2019-02-24,Q,315517.0
274,2019-02-24,SI,2361.0
275,2019-02-25,Bk,1152718.0
276,2019-02-25,Bx,432553.0
277,2019-02-25,M,2778390.0
278,2019-02-25,Q,751571.0
279,2019-02-25,SI,14024.0
280,2019-02-26,Bk,1231901.0
281,2019-02-26,Bx,452023.0
282,2019-02-26,M,3116220.0
283,2019-02-26,Q,787601.0
284,2019-02-26,SI,15320.0
285,2019-02-27,Bk,1232793.0
286,2019-02-27,Bx,454990.0
287,2019-02-27,M,3145535.0
288,2019-02-27,Q,788542.0
289,2019-02-27,SI,15648.0
290,2019-02-28,Bk,1246393.0
291,2019-02-28,Bx,457515.0
292,2019-02-28,M,3209640.0
293,2019-02-28,Q,801708.0
294,2019-02-28,SI,15473.0
295,2019-03-01,Bk,1206386.0
296,2019-03-01,Bx,448104.0
297,2019-03-01,M,3133350.0
298,2019-03-01,Q,781986.0
299,2019-03-01,SI,14583.0
300,2019-03-02,Bk,673760.0
301,2019-03-02,Bx,233660.0
302,2019-03-02,M,1722802.0
303,2019-03-02,Q,433909.0
304,2019-03-02,SI,3995.0
305,2019-03-03,Bk,543635.0
306,2019-03-03,Bx,184214.0
307,2019-03-03,M,1383062.0
308,2019-03-03,Q,351646.0
309,2019-03-03,SI,2449.0
310,2019-03-04,Bk,895570.0
311,2019-03-04,Bx,321203.0
312,2019-03-04,M,2301830.0
313,2019-03-04,Q,605875.0
314,2019-03-04,SI,9775.0
315,2019-03-05,Bk,1232459.0
316,2019-03-05,Bx,454470.0
317,2019-03-05,M,3096419.0
318,2019-03-05,Q,803997.0
319,2019-03-05,SI,15250.0
320,2019-03-06,Bk,1231431.0
321,2019-03-06,Bx,452773.0
322,2019-03-06,M,3280836.0
323,2019-03-06,Q,798847.0
324,2019-03-06,SI,15370.0
325,2019-03-07,Bk,1244691.0
326,2019-03-07,Bx,452319.0
327,2019-03-07,M,3266172.0
328,2019-03-07,Q,806315.0
329,2019-03-07,SI,15778.0
330,2019-03-08,Bk,1223789.0
331,2019-03-08,Bx,449938.0
332,2019-03-08,M,3231235.0
333,2019-03-08,Q,802425.0
334,2019-03-08,SI,14141.0
335,2019-03-09,Bk,723209.0
336,2019-03-09,Bx,260945.0
337,2019-03-09,M,1924391.0
338,2019-03-09,Q,466320.0
339,2019-03-09,SI,5522.0
340,2019-03-10,Bk,533349.0
341,2019-03-10,Bx,186649.0
342,2019-03-10,M,1389691.0
343,2019-03-10,Q,330154.0
344,2019-03-10,SI,3126.0
345,2019-03-11,Bk,1205611.0
346,2019-03-11,Bx,447657.0
347,2019-03-11,M,2963745.0
348,2019-03-11,Q,793668.0
349,2019-03-11,SI,14891.0
350,2019-03-12,Bk,1262012.0
351,2019-03-12,Bx,460384.0
352,2019-03-12,M,3231370.0
353,2019-03-12,Q,819940.0
354,2019-03-12,SI,16041.0
355,2019-03-13,Bk,1263329.0
356,2019-03-13,Bx,464006.0
357,2019-03-13,M,3281827.0
358,2019-03-13,Q,823956.0
359,2019-03-13,SI,15739.0
360,2019-03-14,Bk,1263457.0
361,2019-03-14,Bx,463057.0
362,2019-03-14,M,3273470.0
363,2019-03-14,Q,820591.0
364,2019-03-14,SI,15567.0
365,2019-03-15,Bk,1237168.0
366,2019-03-15,Bx,453769.0
367,2019-03-15,M,3194295.0
368,2019-03-15,Q,800666.0
369,2019-03-15,SI,14866.0
370,2019-03-16,Bk,703753.0
371,2019-03-16,Bx,258250.0
372,2019-03-16,M,1929099.0
373,2019-03-16,Q,472507.0
374,2019-03-16,SI,6363.0
375,2019-03-17,Bk,566012.0
376,2019-03-17,Bx,201692.0
377,2019-03-17,M,1497693.0
378,2019-03-17,Q,343930.0
379,2019-03-17,SI,3633.0
380,2019-03-18,Bk,1191676.0
381,2019-03-18,Bx,439455.0
382,2019-03-18,M,2882637.0
383,2019-03-18,Q,783773.0
384,2019-03-18,SI,14656.0
385,2019-03-19,Bk,1239810.0
386,2019-03-19,Bx,459003.0
387,2019-03-19,M,3121737.0
388,2019-03-19,Q,814925.0
389,2019-03-19,SI,16020.0
390,2019-03-20,Bk,1254021.0
391,2019-03-20,Bx,466351.0
392,2019-03-20,M,3198544.0
393,2019-03-20,Q,823155.0
394,2019-03-20,SI,15895.0
395,2019-03-21,Bk,1194986.0
396,2019-03-21,Bx,447007.0
397,2019-03-21,M,3182460.0
398,2019-03-21,Q,797925.0
399,2019-03-21,SI,15297.0
400,2019-03-22,Bk,1194505.0
401,2019-03-22,Bx,444586.0
402,2019-03-22,M,3094750.0
403,2019-03-22,Q,745668.0
404,2019-03-22,SI,14049.0
405,2019-03-23,Bk,684834.0
406,2019-03-23,Bx,255695.0
407,2019-03-23,M,1803272.0
408,2019-03-23,Q,474743.0
409,2019-03-23,SI,5000.0
410,2019-03-24,Bk,570357.0
411,2019-03-24,Bx,200140.0
412,2019-03-24,M,1454194.0
413,2019-03-24,Q,343976.0
414,2019-03-24,SI,3655.0
415,2019-03-25,Bk,1188935.0
416,2019-03-25,Bx,444363.0
417,2019-03-25,M,2903035.0
418,2019-03-25,Q,782112.0
419,2019-03-25,SI,15059.0
420,2019-03-26,Bk,1244625.0
421,2019-03-26,Bx,459254.0
422,2019-03-26,M,3165401.0
423,2019-03-26,Q,814529.0
424,2019-03-26,SI,15852.0
425,2019-03-27,Bk,1251925.0
426,2019-03-27,Bx,461115.0
427,2019-03-27,M,3234283.0
428,2019-03-27,Q,817588.0
429,2019-03-27,SI,15713.0
430,2019-03-28,Bk,1266937.0
431,2019-03-28,Bx,480990.0
432,2019-03-28,M,3252827.0
433,2019-03-28,Q,827075.0
434,2019-03-28,SI,15785.0
435,2019-03-29,Bk,1224352.0
436,2019-03-29,Bx,453344.0
437,2019-03-29,M,3161661.0
438,2019-03-29,Q,800303.0
439,2019-03-29,SI,14486.0
440,2019-03-30,Bk,722744.0
441,2019-03-30,Bx,285327.0
442,2019-03-30,M,1921319.0
443,2019-03-30,Q,466759.0
444,2019-03-30,SI,6084.0
445,2019-03-31,Bk,536881.0
446,2019-03-31,Bx,197566.0
447,2019-03-31,M,1408652.0
448,2019-03-31,Q,330464.0
449,2019-03-31,SI,3540.0
450,2019-04-01,Bk,1206125.0
451,2019-04-01,Bx,449845.0
452,2019-04-01,M,2968278.0
453,2019-04-01,Q,789857.0
454,2019-04-01,SI,15043.0
455,2019-04-02,Bk,1270931.0
456,2019-04-02,Bx,471589.0
457,2019-04-02,M,3216719.0
458,2019-04-02,Q,821336.0
459,2019-04-02,SI,15952.0
460,2019-04-03,Bk,1281960.0
461,2019-04-03,Bx,490916.0
462,2019-04-03,M,3288519.0
463,2019-04-03,Q,830803.0
464,2019-04-03,SI,16056.0
465,2019-04-04,Bk,1293707.0
466,2019-04-04,Bx,470124.0
467,2019-04-04,M,3293844.0
468,2019-04-04,Q,849015.0
469,2019-04-04,SI,16057.0
470,2019-04-05,Bk,1225809.0
471,2019-04-05,Bx,450774.0
472,2019-04-05,M,3229159.0
473,2019-04-05,Q,801976.0
474,2019-04-05,SI,14591.0
475,2019-04-06,Bk,743130.0
476,2019-04-06,Bx,273816.0
477,2019-04-06,M,1991287.0
478,2019-04-06,Q,491586.0
479,2019-04-06,SI,5561.0
480,2019-04-07,Bk,600256.0
481,2019-04-07,Bx,205373.0
482,2019-04-07,M,1519685.0
483,2019-04-07,Q,385422.0
484,2019-04-07,SI,3841.0
485,2019-04-08,Bk,1208633.0
486,2019-04-08,Bx,445401.0
487,2019-04-08,M,2958944.0
488,2019-04-08,Q,798938.0
489,2019-04-08,SI,15010.0
490,2019-04-09,Bk,1263343.0
491,2019-04-09,Bx,456575.0
492,2019-04-09,M,3241542.0
493,2019-04-09,Q,823507.0
494,2019-04-09,SI,16190.0
495,2019-04-10,Bk,1286097.0
496,2019-04-10,Bx,467494.0
497,2019-04-10,M,3256606.0
498,2019-04-10,Q,839016.0
499,2019-04-10,SI,16048.0
500,2019-04-11,Bk,1281591.0
501,2019-04-11,Bx,464486.0
502,2019-04-11,M,3273026.0
503,2019-04-11,Q,838010.0
504,2019-04-11,SI,15920.0
505,2019-04-12,Bk,1236648.0
506,2019-04-12,Bx,446781.0
507,2019-04-12,M,3203980.0
508,2019-04-12,Q,811444.0
509,2019-04-12,SI,14565.0
510,2019-04-13,Bk,736483.0
511,2019-04-13,Bx,301911.0
512,2019-04-13,M,1981920.0
513,2019-04-13,Q,461001.0
514,2019-04-13,SI,5646.0
515,2019-04-14,Bk,579676.0
516,2019-04-14,Bx,209150.0
517,2019-04-14,M,1527498.0
518,2019-04-14,Q,345276.0
519,2019-04-14,SI,3701.0
520,2019-04-15,Bk,1198056.0
521,2019-04-15,Bx,426438.0
522,2019-04-15,M,3012356.0
523,2019-04-15,Q,783521.0
524,2019-04-15,SI,14844.0
525,2019-04-16,Bk,1278178.0
526,2019-04-16,Bx,464893.0
527,2019-04-16,M,3275602.0
528,2019-04-16,Q,831746.0
529,2019-04-16,SI,16186.0
530,2019-04-17,Bk,1285894.0
531,2019-04-17,Bx,485800.0
532,2019-04-17,M,3346477.0
533,2019-04-17,Q,835143.0
534,2019-04-17,SI,15909.0
535,2019-04-18,Bk,1260465.0
536,2019-04-18,Bx,464051.0
537,2019-04-18,M,3315606.0
538,2019-04-18,Q,819044.0
539,2019-04-18,SI,15266.0
540,2019-04-19,Bk,1037649.0
541,2019-04-19,Bx,369926.0
542,2019-04-19,M,2741576.0
543,2019-04-19,Q,670011.0
544,2019-04-19,SI,11670.0
545,2019-04-20,Bk,635715.0
546,2019-04-20,Bx,255868.0
547,2019-04-20,M,1779070.0
548,2019-04-20,Q,412398.0
549,2019-04-20,SI,4699.0
550,2019-04-21,Bk,532348.0
551,2019-04-21,Bx,196260.0
552,2019-04-21,M,1423265.0
553,2019-04-21,Q,324009.0
554,2019-04-21,SI,3695.0
555,2019-04-22,Bk,1012987.0
556,2019-04-22,Bx,368097.0
557,2019-04-22,M,2811898.0
558,2019-04-22,Q,687501.0
559,2019-04-22,SI,13016.0
560,2019-04-23,Bk,1138907.0
561,2019-04-23,Bx,402770.0
562,2019-04-23,M,3077009.0
563,2019-04-23,Q,761701.0
564,2019-04-23,SI,14951.0
565,2019-04-24,Bk,1135835.0
566,2019-04-24,Bx,406671.0
567,2019-04-24,M,3129783.0
568,2019-04-24,Q,764652.0
569,2019-04-24,SI,14814.0
570,2019-04-25,Bk,1126927.0
571,2019-04-25,Bx,405843.0
572,2019-04-25,M,3207183.0
573,2019-04-25,Q,763977.0
574,2019-04-25,SI,14742.0
575,2019-04-26,Bk,1023982.0
576,2019-04-26,Bx,372097.0
577,2019-04-26,M,3017327.0
578,2019-04-26,Q,700668.0
579,2019-04-26,SI,12069.0
580,2019-04-27,Bk,736256.0
581,2019-04-27,Bx,270620.0
582,2019-04-27,M,1889153.0
583,2019-04-27,Q,463387.0
584,2019-04-27,SI,5131.0
585,2019-04-28,Bk,570434.0
586,2019-04-28,Bx,189108.0
587,2019-04-28,M,1510716.0
588,2019-04-28,Q,365742.0
589,2019-04-28,SI,3605.0
590,2019-04-29,Bk,1200672.0
591,2019-04-29,Bx,444254.0
592,2019-04-29,M,3006171.0
593,2019-04-29,Q,792060.0
594,2019-04-29,SI,15170.0
595,2019-04-30,Bk,1238820.0
596,2019-04-30,Bx,455268.0
597,2019-04-30,M,3192202.0
598,2019-04-30,Q,824782.0
599,2019-04-30,SI,15221.0
600,2019-05-01,Bk,1257601.0
601,2019-05-01,Bx,464731.0
602,2019-05-01,M,3296876.0
603,2019-05-01,Q,824659.0
604,2019-05-01,SI,16095.0
605,2019-05-02,Bk,1271262.0
606,2019-05-02,Bx,465328.0
607,2019-05-02,M,3303857.0
608,2019-05-02,Q,830266.0
609,2019-05-02,SI,15980.0
610,2019-05-03,Bk,1238387.0
611,2019-05-03,Bx,455954.0
612,2019-05-03,M,3258254.0
613,2019-05-03,Q,796855.0
614,2019-05-03,SI,14843.0
615,2019-05-04,Bk,777425.0
616,2019-05-04,Bx,292872.0
617,2019-05-04,M,1884450.0
618,2019-05-04,Q,494120.0
619,2019-05-04,SI,5126.0
620,2019-05-05,Bk,567405.0
621,2019-05-05,Bx,192245.0
622,2019-05-05,M,1461331.0
623,2019-05-05,Q,328972.0
624,2019-05-05,SI,3964.0
625,2019-05-06,Bk,1222679.0
626,2019-05-06,Bx,450836.0
627,2019-05-06,M,2993234.0
628,2019-05-06,Q,799024.0
629,2019-05-06,SI,15134.0
630,2019-05-07,Bk,1269590.0
631,2019-05-07,Bx,480682.0
632,2019-05-07,M,3223182.0
633,2019-05-07,Q,831131.0
634,2019-05-07,SI,15874.0
635,2019-05-08,Bk,1290455.0
636,2019-05-08,Bx,481505.0
637,2019-05-08,M,3250390.0
638,2019-05-08,Q,833159.0
639,2019-05-08,SI,15953.0
640,2019-05-09,Bk,1283621.0
641,2019-05-09,Bx,481523.0
642,2019-05-09,M,3280933.0
643,2019-05-09,Q,845593.0
644,2019-05-09,SI,15883.0
645,2019-05-10,Bk,1237412.0
646,2019-05-10,Bx,462490.0
647,2019-05-10,M,3105541.0
648,2019-05-10,Q,819794.0
649,2019-05-10,SI,14381.0
650,2019-05-11,Bk,764986.0
651,2019-05-11,Bx,263141.0
652,2019-05-11,M,1993808.0
653,2019-05-11,Q,485460.0
654,2019-05-11,SI,5575.0
655,2019-05-12,Bk,505608.0
656,2019-05-12,Bx,162572.0
657,2019-05-12,M,1290203.0
658,2019-05-12,Q,318751.0
659,2019-05-12,SI,3160.0
660,2019-05-13,Bk,1166595.0
661,2019-05-13,Bx,424541.0
662,2019-05-13,M,2985140.0
663,2019-05-13,Q,764326.0
664,2019-05-13,SI,14597.0
665,2019-05-14,Bk,1249247.0
666,2019-05-14,Bx,463374.0
667,2019-05-14,M,3249900.0
668,2019-05-14,Q,816848.0
669,2019-05-14,SI,15821.0
670,2019-05-15,Bk,1275206.0
671,2019-05-15,Bx,471083.0
672,2019-05-15,M,3301661.0
673,2019-05-15,Q,835124.0
674,2019-05-15,SI,15938.0
675,2019-05-16,Bk,1290680.0
676,2019-05-16,Bx,477806.0
677,2019-05-16,M,3335881.0
678,2019-05-16,Q,841883.0
679,2019-05-16,SI,16521.0
680,2019-05-17,Bk,1263121.0
681,2019-05-17,Bx,458618.0
682,2019-05-17,M,3254173.0
683,2019-05-17,Q,811703.0
684,2019-05-17,SI,14985.0
685,2019-05-18,Bk,804072.0
686,2019-05-18,Bx,272264.0
687,2019-05-18,M,1980630.0
688,2019-05-18,Q,491928.0
689,2019-05-18,SI,6401.0
690,2019-05-19,Bk,632591.0
691,2019-05-19,Bx,199539.0
692,2019-05-19,M,1602381.0
693,2019-05-19,Q,369032.0
694,2019-05-19,SI,4659.0
695,2019-05-20,Bk,1221674.0
696,2019-05-20,Bx,442638.0
697,2019-05-20,M,3017130.0
698,2019-05-20,Q,800355.0
699,2019-05-20,SI,15228.0
700,2019-05-21,Bk,1269836.0
701,2019-05-21,Bx,462868.0
702,2019-05-21,M,3276820.0
703,2019-05-21,Q,844809.0
704,2019-05-21,SI,16047.0
705,2019-05-22,Bk,1279730.0
706,2019-05-22,Bx,484831.0
707,2019-05-22,M,3331893.0
708,2019-05-22,Q,847269.0
709,2019-05-22,SI,16332.0
710,2019-05-23,Bk,1231836.0
711,2019-05-23,Bx,446811.0
712,2019-05-23,M,3260365.0
713,2019-05-23,Q,828909.0
714,2019-05-23,SI,15187.0
715,2019-05-24,Bk,1209517.0
716,2019-05-24,Bx,446406.0
717,2019-05-24,M,2994590.0
718,2019-05-24,Q,808618.0
719,2019-05-24,SI,14227.0
720,2019-05-25,Bk,707547.0
721,2019-05-25,Bx,254162.0
722,2019-05-25,M,1737008.0
723,2019-05-25,Q,479195.0
724,2019-05-25,SI,6367.0
725,2019-05-26,Bk,622358.0
726,2019-05-26,Bx,198515.0
727,2019-05-26,M,1454428.0
728,2019-05-26,Q,396868.0
729,2019-05-26,SI,4772.0
730,2019-05-27,Bk,634236.0
731,2019-05-27,Bx,239091.0
732,2019-05-27,M,1371347.0
733,2019-05-27,Q,395560.0
734,2019-05-27,SI,4874.0
735,2019-05-28,Bk,1185193.0
736,2019-05-28,Bx,435697.0
737,2019-05-28,M,2950393.0
738,2019-05-28,Q,792583.0
739,2019-05-28,SI,14809.0
740,2019-05-29,Bk,1224310.0
741,2019-05-29,Bx,468113.0
742,2019-05-29,M,3250493.0
743,2019-05-29,Q,814532.0
744,2019-05-29,SI,15677.0
745,2019-05-30,Bk,1238234.0
746,2019-05-30,Bx,453773.0
747,2019-05-30,M,3256762.0
748,2019-05-30,Q,809744.0
749,2019-05-30,SI,15229.0
750,2019-05-31,Bk,1246455.0
751,2019-05-31,Bx,461611.0
752,2019-05-31,M,3184222.0
753,2019-05-31,Q,812349.0
754,2019-05-31,SI,14767.0
755,2019-06-01,Bk,754308.0
756,2019-06-01,Bx,272655.0
757,2019-06-01,M,1855477.0
758,2019-06-01,Q,466312.0
759,2019-06-01,SI,6099.0
760,2019-06-02,Bk,615139.0
761,2019-06-02,Bx,205872.0
762,2019-06-02,M,1501197.0
763,2019-06-02,Q,370042.0
764,2019-06-02,SI,4319.0
765,2019-06-03,Bk,1207426.0
766,2019-06-03,Bx,456207.0
767,2019-06-03,M,2968725.0
768,2019-06-03,Q,791860.0
769,2019-06-03,SI,15186.0
770,2019-06-04,Bk,1185910.0
771,2019-06-04,Bx,415360.0
772,2019-06-04,M,3130223.0
773,2019-06-04,Q,770777.0
774,2019-06-04,SI,15415.0
775,2019-06-05,Bk,1264447.0
776,2019-06-05,Bx,455052.0
777,2019-06-05,M,3262444.0
778,2019-06-05,Q,823607.0
779,2019-06-05,SI,16057.0
780,2019-06-06,Bk,1207664.0
781,2019-06-06,Bx,435702.0
782,2019-06-06,M,3235017.0
783,2019-06-06,Q,817315.0
784,2019-06-06,SI,15452.0
785,2019-06-07,Bk,1217409.0
786,2019-06-07,Bx,460143.0
787,2019-06-07,M,3149793.0
788,2019-06-07,Q,817772.0
789,2019-06-07,SI,14713.0
790,2019-06-08,Bk,778592.0
791,2019-06-08,Bx,277333.0
792,2019-06-08,M,1947029.0
793,2019-06-08,Q,494405.0
794,2019-06-08,SI,6032.0
795,2019-06-09,Bk,624734.0
796,2019-06-09,Bx,210879.0
797,2019-06-09,M,1528876.0
798,2019-06-09,Q,392596.0
799,2019-06-09,SI,4440.0
800,2019-06-10,Bk,1117735.0
801,2019-06-10,Bx,429477.0
802,2019-06-10,M,2943205.0
803,2019-06-10,Q,758512.0
804,2019-06-10,SI,14673.0
805,2019-06-11,Bk,1216898.0
806,2019-06-11,Bx,453615.0
807,2019-06-11,M,3173823.0
808,2019-06-11,Q,813657.0
809,2019-06-11,SI,15888.0
810,2019-06-12,Bk,1271123.0
811,2019-06-12,Bx,486740.0
812,2019-06-12,M,3322976.0
813,2019-06-12,Q,837455.0
814,2019-06-12,SI,16230.0
815,2019-06-13,Bk,1245105.0
816,2019-06-13,Bx,442720.0
817,2019-06-13,M,3274532.0
818,2019-06-13,Q,810108.0
819,2019-06-13,SI,15429.0
820,2019-06-14,Bk,1240099.0
821,2019-06-14,Bx,455645.0
822,2019-06-14,M,3162183.0
823,2019-06-14,Q,823718.0
824,2019-06-14,SI,14863.0
825,2019-06-15,Bk,774624.0
826,2019-06-15,Bx,262563.0
827,2019-06-15,M,1852769.0
828,2019-06-15,Q,512468.0
829,2019-06-15,SI,6428.0
830,2019-06-16,Bk,587169.0
831,2019-06-16,Bx,187816.0
832,2019-06-16,M,1364578.0
833,2019-06-16,Q,384952.0
834,2019-06-16,SI,4120.0
835,2019-06-17,Bk,1173502.0
836,2019-06-17,Bx,433419.0
837,2019-06-17,M,2941679.0
838,2019-06-17,Q,787927.0
839,2019-06-17,SI,14662.0
840,2019-06-18,Bk,1184336.0
841,2019-06-18,Bx,446980.0
842,2019-06-18,M,3214272.0
843,2019-06-18,Q,792499.0
844,2019-06-18,SI,15176.0
845,2019-06-19,Bk,1217619.0
846,2019-06-19,Bx,466497.0
847,2019-06-19,M,3253581.0
848,2019-06-19,Q,808841.0
849,2019-06-19,SI,11867.0
850,2019-06-20,Bk,1211637.0
851,2019-06-20,Bx,438876.0
852,2019-06-20,M,3246573.0
853,2019-06-20,Q,806533.0
854,2019-06-20,SI,18144.0
855,2019-06-21,Bk,1193340.0
856,2019-06-21,Bx,447640.0
857,2019-06-21,M,3129607.0
858,2019-06-21,Q,790541.0
859,2019-06-21,SI,14065.0
860,2019-06-22,Bk,818301.0
861,2019-06-22,Bx,275669.0
862,2019-06-22,M,1860272.0
863,2019-06-22,Q,489665.0
864,2019-06-22,SI,1460.0
865,2019-06-23,Bk,664956.0
866,2019-06-23,Bx,231039.0
867,2019-06-23,M,1495830.0
868,2019-06-23,Q,400811.0
869,2019-06-23,SI,244.0
870,2019-06-24,Bk,1169302.0
871,2019-06-24,Bx,422398.0
872,2019-06-24,M,2950655.0
873,2019-06-24,Q,794196.0
874,2019-06-24,SI,14355.0
875,2019-06-25,Bk,1178830.0
876,2019-06-25,Bx,434581.0
877,2019-06-25,M,3130603.0
878,2019-06-25,Q,788260.0
879,2019-06-25,SI,14857.0
880,2019-06-26,Bk,1250623.0
881,2019-06-26,Bx,478503.0
882,2019-06-26,M,3263453.0
883,2019-06-26,Q,831366.0
884,2019-06-26,SI,15673.0
885,2019-06-27,Bk,1211373.0
886,2019-06-27,Bx,425640.0
887,2019-06-27,M,3252502.0
888,2019-06-27,Q,799646.0
889,2019-06-27,SI,15501.0
890,2019-06-28,Bk,1170616.0
891,2019-06-28,Bx,418426.0
892,2019-06-28,M,3139137.0
893,2019-06-28,Q,780703.0
894,2019-06-28,SI,13976.0
895,2019-06-29,Bk,738067.0
896,2019-06-29,Bx,248237.0
897,2019-06-29,M,1886426.0
898,2019-06-29,Q,488865.0
899,2019-06-29,SI,1428.0
900,2019-06-30,Bk,664987.0
901,2019-06-30,Bx,213177.0
902,2019-06-30,M,1798270.0
903,2019-06-30,Q,426151.0
904,2019-06-30,SI,476.0
905,2019-07-01,Bk,1111907.0
906,2019-07-01,Bx,399925.0
907,2019-07-01,M,2938214.0
908,2019-07-01,Q,766065.0
909,2019-07-01,SI,14096.0
910,2019-07-02,Bk,1137410.0
911,2019-07-02,Bx,415126.0
912,2019-07-02,M,3016192.0
913,2019-07-02,Q,781944.0
914,2019-07-02,SI,14839.0
915,2019-07-03,Bk,1120633.0
916,2019-07-03,Bx,417851.0
917,2019-07-03,M,2956056.0
918,2019-07-03,Q,786807.0
919,2019-07-03,SI,14820.0
920,2019-07-04,Bk,659968.0
921,2019-07-04,Bx,229249.0
922,2019-07-04,M,1460134.0
923,2019-07-04,Q,436561.0
924,2019-07-04,SI,5513.0
925,2019-07-05,Bk,961143.0
926,2019-07-05,Bx,340459.0
927,2019-07-05,M,2058840.0
928,2019-07-05,Q,616058.0
929,2019-07-05,SI,9853.0
930,2019-07-06,Bk,622034.0
931,2019-07-06,Bx,219544.0
932,2019-07-06,M,1456171.0
933,2019-07-06,Q,428557.0
934,2019-07-06,SI,4796.0
935,2019-07-07,Bk,554295.0
936,2019-07-07,Bx,187372.0
937,2019-07-07,M,1281509.0
938,2019-07-07,Q,377012.0
939,2019-07-07,SI,3938.0
940,2019-07-08,Bk,1095892.0
941,2019-07-08,Bx,405911.0
942,2019-07-08,M,2807438.0
943,2019-07-08,Q,753106.0
944,2019-07-08,SI,13965.0
945,2019-07-09,Bk,1166280.0
946,2019-07-09,Bx,424945.0
947,2019-07-09,M,3063013.0
948,2019-07-09,Q,793035.0
949,2019-07-09,SI,14970.0
950,2019-07-10,Bk,1181068.0
951,2019-07-10,Bx,431141.0
952,2019-07-10,M,3196026.0
953,2019-07-10,Q,793543.0
954,2019-07-10,SI,15921.0
955,2019-07-11,Bk,1175629.0
956,2019-07-11,Bx,421635.0
957,2019-07-11,M,3210966.0
958,2019-07-11,Q,787129.0
959,2019-07-11,SI,14790.0
960,2019-07-12,Bk,1125967.0
961,2019-07-12,Bx,414710.0
962,2019-07-12,M,3027630.0
963,2019-07-12,Q,765448.0
964,2019-07-12,SI,13333.0
965,2019-07-13,Bk,744480.0
966,2019-07-13,Bx,291878.0
967,2019-07-13,M,1753841.0
968,2019-07-13,Q,475629.0
969,2019-07-13,SI,1407.0
970,2019-07-14,Bk,613038.0
971,2019-07-14,Bx,209175.0
972,2019-07-14,M,1331493.0
973,2019-07-14,Q,363024.0
974,2019-07-14,SI,1056.0
975,2019-07-15,Bk,1130195.0
976,2019-07-15,Bx,411162.0
977,2019-07-15,M,2888975.0
978,2019-07-15,Q,758176.0
979,2019-07-15,SI,14024.0
980,2019-07-16,Bk,1172361.0
981,2019-07-16,Bx,441397.0
982,2019-07-16,M,3142200.0
983,2019-07-16,Q,785585.0
984,2019-07-16,SI,15131.0
985,2019-07-17,Bk,1171132.0
986,2019-07-17,Bx,445458.0
987,2019-07-17,M,3182740.0
988,2019-07-17,Q,760450.0
989,2019-07-17,SI,14880.0
990,2019-07-18,Bk,1127209.0
991,2019-07-18,Bx,407849.0
992,2019-07-18,M,3106933.0
993,2019-07-18,Q,757086.0
994,2019-07-18,SI,14393.0
995,2019-07-19,Bk,1096221.0
996,2019-07-19,Bx,408231.0
997,2019-07-19,M,2971739.0
998,2019-07-19,Q,712204.0
999,2019-07-19,SI,12532.0
1000,2019-07-20,Bk,646778.0
1001,2019-07-20,Bx,252973.0
1002,2019-07-20,M,1540689.0
1003,2019-07-20,Q,467586.0
1004,2019-07-20,SI,4444.0
1005,2019-07-21,Bk,516707.0
1006,2019-07-21,Bx,194493.0
1007,2019-07-21,M,1256820.0
1008,2019-07-21,Q,330922.0
1009,2019-07-21,SI,3141.0
1010,2019-07-22,Bk,1056863.0
1011,2019-07-22,Bx,387305.0
1012,2019-07-22,M,2848578.0
1013,2019-07-22,Q,727713.0
1014,2019-07-22,SI,13799.0
1015,2019-07-23,Bk,1078239.0
1016,2019-07-23,Bx,397150.0
1017,2019-07-23,M,2978737.0
1018,2019-07-23,Q,743318.0
1019,2019-07-23,SI,13968.0
1020,2019-07-24,Bk,1154912.0
1021,2019-07-24,Bx,427245.0
1022,2019-07-24,M,3163821.0
1023,2019-07-24,Q,794800.0
1024,2019-07-24,SI,15061.0
1025,2019-07-25,Bk,1163477.0
1026,2019-07-25,Bx,433701.0
1027,2019-07-25,M,3178481.0
1028,2019-07-25,Q,810720.0
1029,2019-07-25,SI,15070.0
1030,2019-07-26,Bk,1120562.0
1031,2019-07-26,Bx,410475.0
1032,2019-07-26,M,3024656.0
1033,2019-07-26,Q,761914.0
1034,2019-07-26,SI,13474.0
1035,2019-07-27,Bk,748380.0
1036,2019-07-27,Bx,256433.0
1037,2019-07-27,M,1756154.0
1038,2019-07-27,Q,477943.0
1039,2019-07-27,SI,5580.0
1040,2019-07-28,Bk,589633.0
1041,2019-07-28,Bx,202209.0
1042,2019-07-28,M,1405622.0
1043,2019-07-28,Q,389166.0
1044,2019-07-28,SI,4151.0
1045,2019-07-29,Bk,1085993.0
1046,2019-07-29,Bx,398785.0
1047,2019-07-29,M,2829589.0
1048,2019-07-29,Q,744108.0
1049,2019-07-29,SI,13546.0
1050,2019-07-30,Bk,1133094.0
1051,2019-07-30,Bx,412805.0
1052,2019-07-30,M,3072117.0
1053,2019-07-30,Q,766054.0
1054,2019-07-30,SI,14475.0
1055,2019-07-31,Bk,1123528.0
1056,2019-07-31,Bx,439366.0
1057,2019-07-31,M,3104549.0
1058,2019-07-31,Q,759587.0
1059,2019-07-31,SI,14292.0
1060,2019-08-01,Bk,1148031.0
1061,2019-08-01,Bx,420036.0
1062,2019-08-01,M,3081500.0
1063,2019-08-01,Q,776174.0
1064,2019-08-01,SI,14583.0
1065,2019-08-02,Bk,1107960.0
1066,2019-08-02,Bx,411764.0
1067,2019-08-02,M,2950363.0
1068,2019-08-02,Q,755659.0
1069,2019-08-02,SI,13421.0
1070,2019-08-03,Bk,724032.0
1071,2019-08-03,Bx,286542.0
1072,2019-08-03,M,1721343.0
1073,2019-08-03,Q,469740.0
1074,2019-08-03,SI,1416.0
1075,2019-08-04,Bk,584513.0
1076,2019-08-04,Bx,214613.0
1077,2019-08-04,M,1418688.0
1078,2019-08-04,Q,381022.0
1079,2019-08-04,SI,65.0
1080,2019-08-05,Bk,1092842.0
1081,2019-08-05,Bx,417803.0
1082,2019-08-05,M,2806507.0
1083,2019-08-05,Q,749724.0
1084,2019-08-05,SI,13819.0
1085,2019-08-06,Bk,1129245.0
1086,2019-08-06,Bx,409825.0
1087,2019-08-06,M,3023733.0
1088,2019-08-06,Q,769770.0
1089,2019-08-06,SI,14712.0
1090,2019-08-07,Bk,1110911.0
1091,2019-08-07,Bx,402835.0
1092,2019-08-07,M,3103097.0
1093,2019-08-07,Q,761657.0
1094,2019-08-07,SI,14456.0
1095,2019-08-08,Bk,1138180.0
1096,2019-08-08,Bx,414969.0
1097,2019-08-08,M,3043021.0
1098,2019-08-08,Q,770929.0
1099,2019-08-08,SI,14023.0
1100,2019-08-09,Bk,1116207.0
1101,2019-08-09,Bx,406599.0
1102,2019-08-09,M,2931862.0
1103,2019-08-09,Q,755916.0
1104,2019-08-09,SI,13191.0
1105,2019-08-10,Bk,710791.0
1106,2019-08-10,Bx,254356.0
1107,2019-08-10,M,1711401.0
1108,2019-08-10,Q,469361.0
1109,2019-08-10,SI,5139.0
1110,2019-08-11,Bk,603868.0
1111,2019-08-11,Bx,199720.0
1112,2019-08-11,M,1422046.0
1113,2019-08-11,Q,392819.0
1114,2019-08-11,SI,4240.0
1115,2019-08-12,Bk,1071217.0
1116,2019-08-12,Bx,395113.0
1117,2019-08-12,M,2763499.0
1118,2019-08-12,Q,721429.0
1119,2019-08-12,SI,13551.0
1120,2019-08-13,Bk,1092904.0
1121,2019-08-13,Bx,407650.0
1122,2019-08-13,M,2944762.0
1123,2019-08-13,Q,742299.0
1124,2019-08-13,SI,13802.0
1125,2019-08-14,Bk,1103667.0
1126,2019-08-14,Bx,429181.0
1127,2019-08-14,M,2985646.0
1128,2019-08-14,Q,748092.0
1129,2019-08-14,SI,14197.0
1130,2019-08-15,Bk,1127419.0
1131,2019-08-15,Bx,405270.0
1132,2019-08-15,M,3015636.0
1133,2019-08-15,Q,765591.0
1134,2019-08-15,SI,14113.0
1135,2019-08-16,Bk,1094613.0
1136,2019-08-16,Bx,414226.0
1137,2019-08-16,M,2827263.0
1138,2019-08-16,Q,736930.0
1139,2019-08-16,SI,12932.0
1140,2019-08-17,Bk,688790.0
1141,2019-08-17,Bx,279415.0
1142,2019-08-17,M,1579530.0
1143,2019-08-17,Q,463839.0
1144,2019-08-17,SI,5194.0
1145,2019-08-18,Bk,577291.0
1146,2019-08-18,Bx,207445.0
1147,2019-08-18,M,1274480.0
1148,2019-08-18,Q,374306.0
1149,2019-08-18,SI,3919.0
1150,2019-08-19,Bk,1036498.0
1151,2019-08-19,Bx,373452.0
1152,2019-08-19,M,2614758.0
1153,2019-08-19,Q,708094.0
1154,2019-08-19,SI,12706.0
1155,2019-08-20,Bk,1093626.0
1156,2019-08-20,Bx,393091.0
1157,2019-08-20,M,2859333.0
1158,2019-08-20,Q,743014.0
1159,2019-08-20,SI,13606.0
1160,2019-08-21,Bk,1094610.0
1161,2019-08-21,Bx,391709.0
1162,2019-08-21,M,2904645.0
1163,2019-08-21,Q,715678.0
1164,2019-08-21,SI,13651.0
1165,2019-08-22,Bk,1098683.0
1166,2019-08-22,Bx,397737.0
1167,2019-08-22,M,2875978.0
1168,2019-08-22,Q,702827.0
1169,2019-08-22,SI,13306.0
1170,2019-08-23,Bk,1058294.0
1171,2019-08-23,Bx,385111.0
1172,2019-08-23,M,2741599.0
1173,2019-08-23,Q,678970.0
1174,2019-08-23,SI,12351.0
1175,2019-08-24,Bk,713180.0
1176,2019-08-24,Bx,251374.0
1177,2019-08-24,M,1568735.0
1178,2019-08-24,Q,581993.0
1179,2019-08-24,SI,1299.0
1180,2019-08-25,Bk,602841.0
1181,2019-08-25,Bx,203588.0
1182,2019-08-25,M,1285022.0
1183,2019-08-25,Q,389168.0
1184,2019-08-25,SI,58.0
1185,2019-08-26,Bk,1055089.0
1186,2019-08-26,Bx,382837.0
1187,2019-08-26,M,2639631.0
1188,2019-08-26,Q,725500.0
1189,2019-08-26,SI,12217.0
1190,2019-08-27,Bk,1122161.0
1191,2019-08-27,Bx,410015.0
1192,2019-08-27,M,2887630.0
1193,2019-08-27,Q,782320.0
1194,2019-08-27,SI,14243.0
1195,2019-08-28,Bk,1124744.0
1196,2019-08-28,Bx,406864.0
1197,2019-08-28,M,2935538.0
1198,2019-08-28,Q,788503.0
1199,2019-08-28,SI,14091.0
1200,2019-08-29,Bk,1139881.0
1201,2019-08-29,Bx,413923.0
1202,2019-08-29,M,2920319.0
1203,2019-08-29,Q,799083.0
1204,2019-08-29,SI,14237.0
1205,2019-08-30,Bk,1073061.0
1206,2019-08-30,Bx,408318.0
1207,2019-08-30,M,2700146.0
1208,2019-08-30,Q,764803.0
1209,2019-08-30,SI,12891.0
1210,2019-08-31,Bk,724148.0
1211,2019-08-31,Bx,252123.0
1212,2019-08-31,M,1591905.0
1213,2019-08-31,Q,505674.0
1214,2019-08-31,SI,5334.0
1215,2019-09-01,Bk,608331.0
1216,2019-09-01,Bx,187385.0
1217,2019-09-01,M,1386619.0
1218,2019-09-01,Q,408881.0
1219,2019-09-01,SI,4004.0
1220,2019-09-02,Bk,552540.0
1221,2019-09-02,Bx,199863.0
1222,2019-09-02,M,1215391.0
1223,2019-09-02,Q,373303.0
1224,2019-09-02,SI,3776.0
1225,2019-09-03,Bk,1141697.0
1226,2019-09-03,Bx,418171.0
1227,2019-09-03,M,2824243.0
1228,2019-09-03,Q,786215.0
1229,2019-09-03,SI,14107.0
1230,2019-09-04,Bk,1199789.0
1231,2019-09-04,Bx,443883.0
1232,2019-09-04,M,3083316.0
1233,2019-09-04,Q,808531.0
1234,2019-09-04,SI,15114.0
1235,2019-09-05,Bk,1259933.0
1236,2019-09-05,Bx,465355.0
1237,2019-09-05,M,3206847.0
1238,2019-09-05,Q,839064.0
1239,2019-09-05,SI,15558.0
1240,2019-09-06,Bk,1217132.0
1241,2019-09-06,Bx,450235.0
1242,2019-09-06,M,3193175.0
1243,2019-09-06,Q,822233.0
1244,2019-09-06,SI,14531.0
1245,2019-09-07,Bk,749216.0
1246,2019-09-07,Bx,246758.0
1247,2019-09-07,M,1820557.0
1248,2019-09-07,Q,500619.0
1249,2019-09-07,SI,1210.0
1250,2019-09-08,Bk,621632.0
1251,2019-09-08,Bx,182768.0
1252,2019-09-08,M,1490376.0
1253,2019-09-08,Q,402977.0
1254,2019-09-08,SI,130.0
1255,2019-09-09,Bk,1257940.0
1256,2019-09-09,Bx,460626.0
1257,2019-09-09,M,3018405.0
1258,2019-09-09,Q,824922.0
1259,2019-09-09,SI,15145.0
1260,2019-09-10,Bk,1302543.0
1261,2019-09-10,Bx,475709.0
1262,2019-09-10,M,3257970.0
1263,2019-09-10,Q,853770.0
1264,2019-09-10,SI,16607.0
1265,2019-09-11,Bk,1309987.0
1266,2019-09-11,Bx,480023.0
1267,2019-09-11,M,3305411.0
1268,2019-09-11,Q,860870.0
1269,2019-09-11,SI,16194.0
1270,2019-09-12,Bk,1304499.0
1271,2019-09-12,Bx,475905.0
1272,2019-09-12,M,3337073.0
1273,2019-09-12,Q,863235.0
1274,2019-09-12,SI,16028.0
1275,2019-09-13,Bk,1282091.0
1276,2019-09-13,Bx,475170.0
1277,2019-09-13,M,3258065.0
1278,2019-09-13,Q,844829.0
1279,2019-09-13,SI,14927.0
1280,2019-09-14,Bk,717438.0
1281,2019-09-14,Bx,248367.0
1282,2019-09-14,M,1841430.0
1283,2019-09-14,Q,503230.0
1284,2019-09-14,SI,1400.0
1285,2019-09-15,Bk,613664.0
1286,2019-09-15,Bx,189026.0
1287,2019-09-15,M,1496416.0
1288,2019-09-15,Q,406195.0
1289,2019-09-15,SI,67.0
1290,2019-09-16,Bk,1243022.0
1291,2019-09-16,Bx,461480.0
1292,2019-09-16,M,3034079.0
1293,2019-09-16,Q,832448.0
1294,2019-09-16,SI,14516.0
1295,2019-09-17,Bk,1297170.0
1296,2019-09-17,Bx,482117.0
1297,2019-09-17,M,3276510.0
1298,2019-09-17,Q,860811.0
1299,2019-09-17,SI,16326.0
1300,2019-09-18,Bk,1314479.0
1301,2019-09-18,Bx,503670.0
1302,2019-09-18,M,3342539.0
1303,2019-09-18,Q,871830.0
1304,2019-09-18,SI,16509.0
1305,2019-09-19,Bk,1316192.0
1306,2019-09-19,Bx,498238.0
1307,2019-09-19,M,3357136.0
1308,2019-09-19,Q,869524.0
1309,2019-09-19,SI,16321.0
1310,2019-09-20,Bk,1290697.0
1311,2019-09-20,Bx,492779.0
1312,2019-09-20,M,3350107.0
1313,2019-09-20,Q,854712.0
1314,2019-09-20,SI,15844.0
1315,2019-09-21,Bk,765654.0
1316,2019-09-21,Bx,291953.0
1317,2019-09-21,M,1925249.0
1318,2019-09-21,Q,501486.0
1319,2019-09-21,SI,1488.0
1320,2019-09-22,Bk,639689.0
1321,2019-09-22,Bx,211040.0
1322,2019-09-22,M,1538468.0
1323,2019-09-22,Q,393166.0
1324,2019-09-22,SI,38.0
1325,2019-09-23,Bk,1247948.0
1326,2019-09-23,Bx,456841.0
1327,2019-09-23,M,3086188.0
1328,2019-09-23,Q,835140.0
1329,2019-09-23,SI,14624.0
1330,2019-09-24,Bk,1301403.0
1331,2019-09-24,Bx,476977.0
1332,2019-09-24,M,3342661.0
1333,2019-09-24,Q,872915.0
1334,2019-09-24,SI,16826.0
1335,2019-09-25,Bk,1312918.0
1336,2019-09-25,Bx,482842.0
1337,2019-09-25,M,3402964.0
1338,2019-09-25,Q,872258.0
1339,2019-09-25,SI,16888.0
1340,2019-09-26,Bk,1313321.0
1341,2019-09-26,Bx,487032.0
1342,2019-09-26,M,3419763.0
1343,2019-09-26,Q,876644.0
1344,2019-09-26,SI,16238.0
1345,2019-09-27,Bk,1281172.0
1346,2019-09-27,Bx,477016.0
1347,2019-09-27,M,3286354.0
1348,2019-09-27,Q,853473.0
1349,2019-09-27,SI,15705.0
1350,2019-09-28,Bk,749005.0
1351,2019-09-28,Bx,256619.0
1352,2019-09-28,M,1863965.0
1353,2019-09-28,Q,504888.0
1354,2019-09-28,SI,1481.0
1355,2019-09-29,Bk,628318.0
1356,2019-09-29,Bx,203524.0
1357,2019-09-29,M,1473816.0
1358,2019-09-29,Q,396237.0
1359,2019-09-29,SI,52.0
1360,2019-09-30,Bk,1027026.0
1361,2019-09-30,Bx,385933.0
1362,2019-09-30,M,2627721.0
1363,2019-09-30,Q,712463.0
1364,2019-09-30,SI,12546.0
1365,2019-10-01,Bk,1097146.0
1366,2019-10-01,Bx,410319.0
1367,2019-10-01,M,2913235.0
1368,2019-10-01,Q,749061.0
1369,2019-10-01,SI,14534.0
1370,2019-10-02,Bk,1303635.0
1371,2019-10-02,Bx,480488.0
1372,2019-10-02,M,3309446.0
1373,2019-10-02,Q,855353.0
1374,2019-10-02,SI,15623.0
1375,2019-10-03,Bk,1299795.0
1376,2019-10-03,Bx,471571.0
1377,2019-10-03,M,3398059.0
1378,2019-10-03,Q,851208.0
1379,2019-10-03,SI,16665.0
1380,2019-10-04,Bk,1300343.0
1381,2019-10-04,Bx,483705.0
1382,2019-10-04,M,3358205.0
1383,2019-10-04,Q,857178.0
1384,2019-10-04,SI,15201.0
1385,2019-10-05,Bk,748577.0
1386,2019-10-05,Bx,283584.0
1387,2019-10-05,M,1962699.0
1388,2019-10-05,Q,493408.0
1389,2019-10-05,SI,1392.0
1390,2019-10-06,Bk,591096.0
1391,2019-10-06,Bx,204937.0
1392,2019-10-06,M,1549056.0
1393,2019-10-06,Q,371085.0
1394,2019-10-06,SI,39.0
1395,2019-10-07,Bk,1246611.0
1396,2019-10-07,Bx,464223.0
1397,2019-10-07,M,3075201.0
1398,2019-10-07,Q,831797.0
1399,2019-10-07,SI,14452.0
1400,2019-10-08,Bk,1257729.0
1401,2019-10-08,Bx,466507.0
1402,2019-10-08,M,3209656.0
1403,2019-10-08,Q,824312.0
1404,2019-10-08,SI,15609.0
1405,2019-10-09,Bk,1025236.0
1406,2019-10-09,Bx,387538.0
1407,2019-10-09,M,2836421.0
1408,2019-10-09,Q,704686.0
1409,2019-10-09,SI,12846.0
1410,2019-10-10,Bk,1317922.0
1411,2019-10-10,Bx,484328.0
1412,2019-10-10,M,3323288.0
1413,2019-10-10,Q,859503.0
1414,2019-10-10,SI,15886.0
1415,2019-10-11,Bk,1282655.0
1416,2019-10-11,Bx,476219.0
1417,2019-10-11,M,3304864.0
1418,2019-10-11,Q,844254.0
1419,2019-10-11,SI,14907.0
1420,2019-10-12,Bk,741283.0
1421,2019-10-12,Bx,261575.0
1422,2019-10-12,M,1920827.0
1423,2019-10-12,Q,485351.0
1424,2019-10-12,SI,1328.0
1425,2019-10-13,Bk,611633.0
1426,2019-10-13,Bx,201817.0
1427,2019-10-13,M,1592172.0
1428,2019-10-13,Q,390914.0
1429,2019-10-13,SI,3862.0
1430,2019-10-14,Bk,888006.0
1431,2019-10-14,Bx,322914.0
1432,2019-10-14,M,2401728.0
1433,2019-10-14,Q,610887.0
1434,2019-10-14,SI,9746.0
1435,2019-10-15,Bk,1252970.0
1436,2019-10-15,Bx,488178.0
1437,2019-10-15,M,3220942.0
1438,2019-10-15,Q,827761.0
1439,2019-10-15,SI,15918.0
1440,2019-10-16,Bk,1267939.0
1441,2019-10-16,Bx,463021.0
1442,2019-10-16,M,3374558.0
1443,2019-10-16,Q,815442.0
1444,2019-10-16,SI,15840.0
1445,2019-10-17,Bk,1298487.0
1446,2019-10-17,Bx,475857.0
1447,2019-10-17,M,3400002.0
1448,2019-10-17,Q,862795.0
1449,2019-10-17,SI,15818.0
1450,2019-10-18,Bk,1294910.0
1451,2019-10-18,Bx,497348.0
1452,2019-10-18,M,3376187.0
1453,2019-10-18,Q,830615.0
1454,2019-10-18,SI,15200.0
1455,2019-10-19,Bk,781500.0
1456,2019-10-19,Bx,276137.0
1457,2019-10-19,M,1990355.0
1458,2019-10-19,Q,509586.0
1459,2019-10-19,SI,1447.0
1460,2019-10-20,Bk,591788.0
1461,2019-10-20,Bx,184948.0
1462,2019-10-20,M,1518983.0
1463,2019-10-20,Q,348451.0
1464,2019-10-20,SI,11.0
1465,2019-10-21,Bk,1216955.0
1466,2019-10-21,Bx,460274.0
1467,2019-10-21,M,3019738.0
1468,2019-10-21,Q,812680.0
1469,2019-10-21,SI,14457.0
1470,2019-10-22,Bk,1252422.0
1471,2019-10-22,Bx,468732.0
1472,2019-10-22,M,3265473.0
1473,2019-10-22,Q,834654.0
1474,2019-10-22,SI,15753.0
1475,2019-10-23,Bk,1321046.0
1476,2019-10-23,Bx,485795.0
1477,2019-10-23,M,3374152.0
1478,2019-10-23,Q,860702.0
1479,2019-10-23,SI,15961.0
1480,2019-10-24,Bk,1345784.0
1481,2019-10-24,Bx,487117.0
1482,2019-10-24,M,3429450.0
1483,2019-10-24,Q,877787.0
1484,2019-10-24,SI,16189.0
1485,2019-10-25,Bk,1295858.0
1486,2019-10-25,Bx,472930.0
1487,2019-10-25,M,3331750.0
1488,2019-10-25,Q,835355.0
1489,2019-10-25,SI,14968.0
1490,2019-10-26,Bk,753901.0
1491,2019-10-26,Bx,267990.0
1492,2019-10-26,M,1983378.0
1493,2019-10-26,Q,493136.0
1494,2019-10-26,SI,1300.0
1495,2019-10-27,Bk,514789.0
1496,2019-10-27,Bx,172199.0
1497,2019-10-27,M,1388750.0
1498,2019-10-27,Q,319408.0
1499,2019-10-27,SI,11.0
1500,2019-10-28,Bk,1256699.0
1501,2019-10-28,Bx,464351.0
1502,2019-10-28,M,3072164.0
1503,2019-10-28,Q,817944.0
1504,2019-10-28,SI,14370.0
1505,2019-10-29,Bk,1299563.0
1506,2019-10-29,Bx,473635.0
1507,2019-10-29,M,3361628.0
1508,2019-10-29,Q,846087.0
1509,2019-10-29,SI,15897.0
1510,2019-10-30,Bk,1316287.0
1511,2019-10-30,Bx,480750.0
1512,2019-10-30,M,3387257.0
1513,2019-10-30,Q,853554.0
1514,2019-10-30,SI,15920.0
1515,2019-10-31,Bk,1287221.0
1516,2019-10-31,Bx,448875.0
1517,2019-10-31,M,3269651.0
1518,2019-10-31,Q,823672.0
1519,2019-10-31,SI,14760.0
1520,2019-11-01,Bk,1299853.0
1521,2019-11-01,Bx,472380.0
1522,2019-11-01,M,3374559.0
1523,2019-11-01,Q,834203.0
1524,2019-11-01,SI,14347.0
1525,2019-11-02,Bk,761893.0
1526,2019-11-02,Bx,267273.0
1527,2019-11-02,M,2004150.0
1528,2019-11-02,Q,476372.0
1529,2019-11-02,SI,1307.0
1530,2019-11-03,Bk,677350.0
1531,2019-11-03,Bx,205403.0
1532,2019-11-03,M,1696096.0
1533,2019-11-03,Q,390945.0
1534,2019-11-03,SI,11.0
1535,2019-11-04,Bk,1246775.0
1536,2019-11-04,Bx,464718.0
1537,2019-11-04,M,3047426.0
1538,2019-11-04,Q,819831.0
1539,2019-11-04,SI,14051.0
1540,2019-11-05,Bk,1189542.0
1541,2019-11-05,Bx,425410.0
1542,2019-11-05,M,3141276.0
1543,2019-11-05,Q,783988.0
1544,2019-11-05,SI,13617.0
1545,2019-11-06,Bk,1324168.0
1546,2019-11-06,Bx,484050.0
1547,2019-11-06,M,3336534.0
1548,2019-11-06,Q,859740.0
1549,2019-11-06,SI,16040.0
1550,2019-11-07,Bk,1316390.0
1551,2019-11-07,Bx,478168.0
1552,2019-11-07,M,3397108.0
1553,2019-11-07,Q,857239.0
1554,2019-11-07,SI,15796.0
1555,2019-11-08,Bk,1272793.0
1556,2019-11-08,Bx,461682.0
1557,2019-11-08,M,3323253.0
1558,2019-11-08,Q,834187.0
1559,2019-11-08,SI,14293.0
1560,2019-11-09,Bk,719208.0
1561,2019-11-09,Bx,267877.0
1562,2019-11-09,M,2006529.0
1563,2019-11-09,Q,462752.0
1564,2019-11-09,SI,1738.0
1565,2019-11-10,Bk,583008.0
1566,2019-11-10,Bx,197376.0
1567,2019-11-10,M,1579736.0
1568,2019-11-10,Q,355126.0
1569,2019-11-10,SI,16.0
1570,2019-11-11,Bk,991411.0
1571,2019-11-11,Bx,366188.0
1572,2019-11-11,M,2606960.0
1573,2019-11-11,Q,672809.0
1574,2019-11-11,SI,9496.0
1575,2019-11-12,Bk,1253826.0
1576,2019-11-12,Bx,461148.0
1577,2019-11-12,M,3217207.0
1578,2019-11-12,Q,821658.0
1579,2019-11-12,SI,15027.0
1580,2019-11-13,Bk,1266079.0
1581,2019-11-13,Bx,461549.0
1582,2019-11-13,M,3273718.0
1583,2019-11-13,Q,818216.0
1584,2019-11-13,SI,15281.0
1585,2019-11-14,Bk,1248367.0
1586,2019-11-14,Bx,470520.0
1587,2019-11-14,M,3323183.0
1588,2019-11-14,Q,839324.0
1589,2019-11-14,SI,15745.0
1590,2019-11-15,Bk,1230044.0
1591,2019-11-15,Bx,473350.0
1592,2019-11-15,M,3294690.0
1593,2019-11-15,Q,832967.0
1594,2019-11-15,SI,14387.0
1595,2019-11-16,Bk,820058.0
1596,2019-11-16,Bx,257017.0
1597,2019-11-16,M,2014935.0
1598,2019-11-16,Q,486514.0
1599,2019-11-16,SI,1559.0
1600,2019-11-17,Bk,575322.0
1601,2019-11-17,Bx,193234.0
1602,2019-11-17,M,1518779.0
1603,2019-11-17,Q,370254.0
1604,2019-11-17,SI,12.0
1605,2019-11-18,Bk,1205730.0
1606,2019-11-18,Bx,448838.0
1607,2019-11-18,M,2925327.0
1608,2019-11-18,Q,787370.0
1609,2019-11-18,SI,13154.0
1610,2019-11-19,Bk,1294459.0
1611,2019-11-19,Bx,474056.0
1612,2019-11-19,M,3232486.0
1613,2019-11-19,Q,842735.0
1614,2019-11-19,SI,15702.0
1615,2019-11-20,Bk,1308181.0
1616,2019-11-20,Bx,479707.0
1617,2019-11-20,M,3326190.0
1618,2019-11-20,Q,845347.0
1619,2019-11-20,SI,15585.0
1620,2019-11-21,Bk,1316062.0
1621,2019-11-21,Bx,480031.0
1622,2019-11-21,M,3338288.0
1623,2019-11-21,Q,853296.0
1624,2019-11-21,SI,15888.0
1625,2019-11-22,Bk,1275798.0
1626,2019-11-22,Bx,469001.0
1627,2019-11-22,M,3295888.0
1628,2019-11-22,Q,830562.0
1629,2019-11-22,SI,14372.0
1630,2019-11-23,Bk,720411.0
1631,2019-11-23,Bx,262319.0
1632,2019-11-23,M,1939874.0
1633,2019-11-23,Q,489040.0
1634,2019-11-23,SI,1749.0
1635,2019-11-24,Bk,543108.0
1636,2019-11-24,Bx,180744.0
1637,2019-11-24,M,1399177.0
1638,2019-11-24,Q,352759.0
1639,2019-11-24,SI,14.0
1640,2019-11-25,Bk,1215801.0
1641,2019-11-25,Bx,457669.0
1642,2019-11-25,M,2954933.0
1643,2019-11-25,Q,807851.0
1644,2019-11-25,SI,13977.0
1645,2019-11-26,Bk,1269121.0
1646,2019-11-26,Bx,474589.0
1647,2019-11-26,M,3252173.0
1648,2019-11-26,Q,846124.0
1649,2019-11-26,SI,15696.0
1650,2019-11-27,Bk,1181661.0
1651,2019-11-27,Bx,453389.0
1652,2019-11-27,M,3002035.0
1653,2019-11-27,Q,812868.0
1654,2019-11-27,SI,15004.0
1655,2019-11-28,Bk,508166.0
1656,2019-11-28,Bx,199451.0
1657,2019-11-28,M,1336010.0
1658,2019-11-28,Q,358979.0
1659,2019-11-28,SI,4375.0
1660,2019-11-29,Bk,736615.0
1661,2019-11-29,Bx,295919.0
1662,2019-11-29,M,1749072.0
1663,2019-11-29,Q,526971.0
1664,2019-11-29,SI,6442.0
1665,2019-11-30,Bk,612008.0
1666,2019-11-30,Bx,226505.0
1667,2019-11-30,M,1628512.0
1668,2019-11-30,Q,438379.0
1669,2019-11-30,SI,4072.0
1670,2019-12-01,Bk,496290.0
1671,2019-12-01,Bx,164484.0
1672,2019-12-01,M,1299679.0
1673,2019-12-01,Q,326457.0
1674,2019-12-01,SI,2611.0
1675,2019-12-02,Bk,1130899.0
1676,2019-12-02,Bx,413575.0
1677,2019-12-02,M,2740044.0
1678,2019-12-02,Q,748695.0
1679,2019-12-02,SI,13436.0
1680,2019-12-03,Bk,1256513.0
1681,2019-12-03,Bx,458231.0
1682,2019-12-03,M,3170795.0
1683,2019-12-03,Q,824097.0
1684,2019-12-03,SI,15099.0
1685,2019-12-04,Bk,1295796.0
1686,2019-12-04,Bx,470471.0
1687,2019-12-04,M,3345778.0
1688,2019-12-04,Q,847546.0
1689,2019-12-04,SI,15398.0
1690,2019-12-05,Bk,1310637.0
1691,2019-12-05,Bx,472665.0
1692,2019-12-05,M,3431595.0
1693,2019-12-05,Q,856505.0
1694,2019-12-05,SI,15669.0
1695,2019-12-06,Bk,1283111.0
1696,2019-12-06,Bx,467006.0
1697,2019-12-06,M,3399640.0
1698,2019-12-06,Q,835156.0
1699,2019-12-06,SI,14460.0
1700,2019-12-07,Bk,783271.0
1701,2019-12-07,Bx,255182.0
1702,2019-12-07,M,2201749.0
1703,2019-12-07,Q,480419.0
1704,2019-12-07,SI,1937.0
1705,2019-12-08,Bk,647151.0
1706,2019-12-08,Bx,193753.0
1707,2019-12-08,M,1717338.0
1708,2019-12-08,Q,368040.0
1709,2019-12-08,SI,5.0
1710,2019-12-09,Bk,1188693.0
1711,2019-12-09,Bx,430440.0
1712,2019-12-09,M,3019426.0
1713,2019-12-09,Q,775906.0
1714,2019-12-09,SI,13022.0
1715,2019-12-10,Bk,1269464.0
1716,2019-12-10,Bx,462100.0
1717,2019-12-10,M,3282340.0
1718,2019-12-10,Q,828570.0
1719,2019-12-10,SI,15021.0
1720,2019-12-11,Bk,1284965.0
1721,2019-12-11,Bx,459843.0
1722,2019-12-11,M,3382812.0
1723,2019-12-11,Q,829093.0
1724,2019-12-11,SI,15051.0
1725,2019-12-12,Bk,1305160.0
1726,2019-12-12,Bx,467367.0
1727,2019-12-12,M,3442870.0
1728,2019-12-12,Q,840867.0
1729,2019-12-12,SI,15326.0
1730,2019-12-13,Bk,1260301.0
1731,2019-12-13,Bx,451699.0
1732,2019-12-13,M,3442854.0
1733,2019-12-13,Q,811914.0
1734,2019-12-13,SI,13963.0
1735,2019-12-14,Bk,745557.0
1736,2019-12-14,Bx,255247.0
1737,2019-12-14,M,2159793.0
1738,2019-12-14,Q,486680.0
1739,2019-12-14,SI,4629.0
1740,2019-12-15,Bk,643237.0
1741,2019-12-15,Bx,202800.0
1742,2019-12-15,M,1781989.0
1743,2019-12-15,Q,402822.0
1744,2019-12-15,SI,2956.0
1745,2019-12-16,Bk,1224591.0
1746,2019-12-16,Bx,444962.0
1747,2019-12-16,M,3026311.0
1748,2019-12-16,Q,797834.0
1749,2019-12-16,SI,13631.0
1750,2019-12-17,Bk,1219114.0
1751,2019-12-17,Bx,437734.0
1752,2019-12-17,M,3248324.0
1753,2019-12-17,Q,791002.0
1754,2019-12-17,SI,14251.0
1755,2019-12-18,Bk,1261108.0
1756,2019-12-18,Bx,458269.0
1757,2019-12-18,M,3376424.0
1758,2019-12-18,Q,821735.0
1759,2019-12-18,SI,15319.0
1760,2019-12-19,Bk,1232419.0
1761,2019-12-19,Bx,430774.0
1762,2019-12-19,M,3305367.0
1763,2019-12-19,Q,783235.0
1764,2019-12-19,SI,14088.0
1765,2019-12-20,Bk,1219096.0
1766,2019-12-20,Bx,436552.0
1767,2019-12-20,M,3197284.0
1768,2019-12-20,Q,789877.0
1769,2019-12-20,SI,13424.0
1770,2019-12-21,Bk,709441.0
1771,2019-12-21,Bx,259674.0
1772,2019-12-21,M,1946338.0
1773,2019-12-21,Q,484036.0
1774,2019-12-21,SI,1842.0
1775,2019-12-22,Bk,601683.0
1776,2019-12-22,Bx,204375.0
1777,2019-12-22,M,1610218.0
1778,2019-12-22,Q,397761.0
1779,2019-12-22,SI,11.0
1780,2019-12-23,Bk,974983.0
1781,2019-12-23,Bx,376092.0
1782,2019-12-23,M,2532666.0
1783,2019-12-23,Q,704421.0
1784,2019-12-23,SI,10876.0
1785,2019-12-24,Bk,840620.0
1786,2019-12-24,Bx,322275.0
1787,2019-12-24,M,2115509.0
1788,2019-12-24,Q,601005.0
1789,2019-12-24,SI,9379.0
1790,2019-12-25,Bk,393237.0
1791,2019-12-25,Bx,156375.0
1792,2019-12-25,M,1010368.0
1793,2019-12-25,Q,287440.0
1794,2019-12-25,SI,2870.0
1795,2019-12-26,Bk,793183.0
1796,2019-12-26,Bx,326078.0
1797,2019-12-26,M,2009667.0
1798,2019-12-26,Q,596864.0
1799,2019-12-26,SI,9308.0
1800,2019-12-27,Bk,900922.0
1801,2019-12-27,Bx,362164.0
1802,2019-12-27,M,2372557.0
1803,2019-12-27,Q,653682.0
1804,2019-12-27,SI,10938.0
1805,2019-12-28,Bk,655790.0
1806,2019-12-28,Bx,246737.0
1807,2019-12-28,M,1836732.0
1808,2019-12-28,Q,473044.0
1809,2019-12-28,SI,5300.0
1810,2019-12-29,Bk,561407.0
1811,2019-12-29,Bx,189536.0
1812,2019-12-29,M,1577451.0
1813,2019-12-29,Q,381496.0
1814,2019-12-29,SI,3658.0
1815,2019-12-30,Bk,882033.0
1816,2019-12-30,Bx,326545.0
1817,2019-12-30,M,2355944.0
1818,2019-12-30,Q,623049.0
1819,2019-12-30,SI,9658.0
1820,2019-12-31,Bk,878654.0
1821,2019-12-31,Bx,320673.0
1822,2019-12-31,M,2255999.0
1823,2019-12-31,Q,608568.0
1824,2019-12-31,SI,9283.0
